"1","Đối với điện giao dịch nhận từ ngoài hệ thống qua SWIFT nhận sau 18h00 sẽ được TTTT xử lý vào thời gian nào?","Trong cùng ngày lâm việc.","Không muộn hơn 9h ngày làm việc tiếp theo.","Không muộn hơn 9h30 ngày làm việc tiếp theo.","Không muộn hơn 8h30 ngày làm việc tiếp theo.","3"
"2","Thời gian đế Chi nhánh phàn hổi cho khách hàng sau khi tiếp nhận đầy đủ chửng từ giao dịch TTQT (bao gồm các thủ tục đảm bâo nguồn von - ncu cần) nếu hồ sơ chưa đầy dú, chưa hợp lệ?","Trong vòng (01) giờ làm việc.","Trong vông (02) giở lảm việc.","Trong vòng (03) giờ làm việc","Trong vòng (04) giờ làm việc.","1"
"3","Mọi giao dịch TTQT khi thực hiện dược kiểm tra, lưu trữ hổ sơ, chứng từ phù hợp liên quan đến thõng tin nhận biểt về (các) dối tượng nào sau dây?","Khách hàng","Chủ sở hữu hưởng lợi (nểu có)","Giao dịch, các bên liên quan dến giao dịch","Tất cả đáp án trên","4"
"4","Theo Quy trình TTQT, ngôn ngữ tliề hiện trên chứng từ giao dịch TTQT dược quy định như thế nào?","Phải dược lập bang tiếng Anh","Phải dược lập bằng tiếng Trung Quốc và bân dịch","Bằng tiếng Việt hoặc tiếng Anh hoặc song ngữ tiếng Việt và tiếng nước ngoài phù hợp với tỉnh chất cùa chứng từ","Đằng bất cứ ngôn ngữ nào và Chi nhánh phải yêu cầu cung cấp bàn dịch công chứng sang tiếng Việt","3"
"5","Agribank cỏ quyền từ chổi thực hiện giao dịch trong trường họp nào?","Khách hàng không dáp ứng các điều kiện theo quy djnh cùa Agribank.","Agribank phát hiện nhũng nghi vẩn, không rõ ràng về Khách hàng, dổi tác của Khách hàng ưong giao dịch; về đối tượng cúa giao dịch; uy tỉn và khả năng thanh toán của ngân hàng dối tác không đàm bâo; giao dịch tiềm ẩn khả năng rủi ro lán.","Agribank nhận dược yêu cầu cùa cơ quan nhà nước cỏ thẩm quyền về việc không dược phép/dừng thực hiện giao dịch","Tất cả đáp án trên dều đúng","4"
"6","Khách hàng sê phải hoàn ưà lại bão lãnh nhận hàng gốc ưong vòng bao nhiều ngày kề từ ngày Khách hàng nhận được bộ chứng tử và vận đơn đường biển do chi nhánh kỷ hậu?","15 ngày","30 ngày","45 ngày","60 ngày","2"
"7","Loại giấy tờ nào sau dây dược coi là hợp dồng ngoại thương?","Hợp đồng xuất nhập khẩu hàng hỏa, djch vụ","Các văn bản, giấy tờ có giá trị pháp lý tương đương như đơn đặt hăng có xác nhận chấp thuận của bên bán hoặc bàn chào giá có xác nhận cùa bên mua...","Cá đáp án (I) và (2) dều dúng","Cà đáp án (1) và (2) đều sai","3"
"8","Đối với các chi nhánh TTQT tập trung: Trung tâm TTTM thống kê các khoản phỉ, lãi thực thu của tháng trưức theo chi nhánh và thực hiện hạch toán chia sê lãi, phí dịch vụ qua tài khoản thu chi điều tiết nội bộ dể chuyển ưà 100% lãi, phi thu dược (sau khi đã khấu trừ thuế) chậm nhất vào thời gian nào?","Ngày 01 hàng tháng","Ngày 03 hàng tháng","Ngây 05 hàng tháng","Ngày 07 hàng tháng","3"
"9","Việc thu phí, lãi của khách hàng đổi với giao dịch ITQT phải dược thực hiện khi nào?","Sau khi tất toán giao dịch","Trong cùng ngày giao dịch, trừ khi dược Lãnh đạo đơn vi phê duyệt bẳng văn bàn","Trong vỏng 3 ngày làm vỉộc","Theo đề nghị của khách hàng","2"
"10","về loại, số lượng và hình thức chứng từ Sũ nhận dược, người mua cỏ cùng sự bâo vệ trong giao dich chuyền tiền giống như trong tín dụng chứng từ. Đúng hay sai?","Đúng","Sai","","","2"
"11","Ngân hàng phát hành L/C dỏng vai trò gì trong một giao dịch L/C?","Ngân hàng phát hành L/C SŨ thông báo L/C cho ngân hàng cùa người thụ hưởng trước khi phát hành L/C.","Ngân hàng phát hành gửi điện xác thực hoặc chuyển thư tin dụng dến ngân hàng của người thụ hường.","Ngân hàng phát hành L/C sẽ thay mặt cho người thụ hường thực hiện thanh toán hoặc chấp nhận thanh toán hoặc thương lượng thanh toán.","","2"
"12","Người nhập khẩu yêu cầu hàng hóa dâm bão chất lượng như thỏa thuận trong khi người xuất kliầu muốn dâm bào chắc chắn việc thanh toán thì nên sử dụng phương thức thanh toán nào sau đây?","L/C xác nhận cỏ giá trị chấp nhận và hổi phiêu đòi tiền NH xác nhận dồng thời yêu cầu giấy chứng nhận chất lượng cùa một bân thử ba.","ƯC xảc nhận trà ngay yêu cầu giấy chứng nhận chất lượng cũa bên thụ hường","L/C dự phòng thanh toán theo yêu cẩu dược xác nhận và yêu cầu giấy chúng nhận chắt lượng của bên thụ hường","uc ưà ngay không xác nhận yêu cầu giấy chửng nhận chất lượng cùa bên thứ ba","1"
"13","Loại thư tín dụng nào mà người thụ hường được nhận tài trợ từ người mua trước khi giao hàng?","Confirmed irrevocable, payable at maturity (Thư tín dụng không hùy ngang trả chậm dược xác nhận).","Irrevocable, payable at sight (Thư tín dụng không hủy ngang trà ngay).","Red clause (Thư tín đụng cỏ điều khoản dô).","Transferable (Thư tín dụng có thể chuyển nhượng).","3"
"14","Tuyên bố nào sau đây là dứng về thư tín dụng chuyển nhượng?","Một thư tín dụng chuyển nhượng có thẻ dược chuyển nhượng theo ycu cầu của người thụ hưởng thứ 2 tới bất cứ người thụ hưởng nào khác.","Người hường thứ nhất cỏ thể hủy thư tín dụng dược chuyền nhượng mà không cần sự chấp thuận của người hưởng thử hai.","Người hưởng thứ nhất cỏ thể yen cầu giữ lại việc xác nhận đổi với thư tín dụng dược chuyển nhượng","Thư tín dựng chuyển nhượng có thể hết hạn hiệu lực tại quốc gia cùa người hưởng thứ hai vào ngày hết hạn hiệu lực theo thư tín dụng của người hường thứ nhất.","4"
"15","Các khuyến nghị cùa Lực lượng đặc nhiệm hành dộng tài chính (FATF) yêu cầu các ngân hăng thực hiện thầm dịnh ưong mối quan hộ cùa họ với khách hàng. Các ngân hảng bắt buộc phải cỏ thủ tục đề xác nhận tất cả những điều sau đây, ngoại trừ:","danh tinh của khách hàng","bân chất cùa bẩt kỳ mối quan hệ kinh doanh cơ bản nào với giao dịch.","hàng hỏa sẽ dược sử dụng dề làm gì.","chú sờ hữu hưởng lợi của các bên tham gia giao dịch là ai","3"
"16","L/C quy dịnh ""ƯCP latest version"" là dẫn chiếu dến ấn bàn nào hiện hành?","UCP 500","UCP 600","UCP 650","UCP 700","2"
"17","Trưởng hợp nào Phòng/BỘ phận Nghiệp vụ lập Thông báo và trình duyệt mờ L/C nhập khẩu chuyền phòng Khách hàng trinh Lãnh đạo chi nhánh phê duyệt?","L/C dược dâm bào ký quỹ 100%","L/C được dàm bào ký quỹ dưới 100%","Hồ sơ giao dịch do Chi nhánh loại II chuyển dến;","L/C dược dàm bào nguồn vốn bàng Thư cam kết/Cam kết đặc biệt cùa nhà tài ượ theo L/C dự án","2"
"18","Trước khi thông bảo một tín dụng thư cho người thụ hưởng, trách nhiệm cùa ngân hàng thông báo là gì?","Thanh toán khi xuất trinh chứng tử hợp lộ.","Kiểm tra tính xác thực của thư tin dụng.","Thông báo cho ngân hàng phát hành ràng tin dựng thư dã dược thông báo.","","2"
"19","Đặc điểm của L/C nội bộ là gì?","Ngân hàng phát hành và ngân hàng thõng báo có thể là một Chi nhánh hoặc hai Chi nhánh Agribank khảc nhau","Ngân hàng phát hành phải là chi nhảnh của Agribank","Một ưong hai ngân hảng phát hành hoặc ngân hàng thông báo là chí nhánh cùa Agribank","Ngân hàng thông báo phải là Chi nhánh cùa Agribank","1"
"20","Khi tiếp nhận, kiểm tra vả xừ lỷ chứng từ xuất trình tlico ƯC, Agribank thực hiện những nội dung nào?","Kiểm tra sự phù hợp trên bề mặt chủng tử so với quy định của LC, sửa dối L/C (nếu có)","Kiểm ưa sự khớp dúng giũa các chứng từ với nhau, kiểm ưa chứng từ phù họp với UCP, ISBP","Không chịu ưách nhiệm về tình trạng thực té của hàng hóa, dịch vụ, ưanh chấp giữa các bên liên quan dển hợp đồng","Tất cả đáp án ưên","4"
"21","Thời hạn chiết khấu tối đa đối với bộ chủng từ xuất khẩu xuất trinh theo L/C trà ngay là bao nhiên lâu?","30 ngày kể từ ngây chiết khấu;","60 ngày kể từ ngây chiết khấu;","360 ngày kể từ ngây chiết khẩu;","365 ngây kể từ ngày chiết khấu;","2"
"22","Trường hợp Khách hàng mua bào hiểm thi mức bảo hiềm tối thiều lả bao nhiêu?","90% trị giá ƯC hoặc trị giá lô hàng.","100% trị giá L/C hoặc ưi giả lô hàng.","110% tri giá L/C hoặc trị giá lô hàng.","120% trị giả L/C hoặc trị giá lô hàng.","3"
"23","Trường hợp Khách hàng mua bâo hiểm thỉ đồng tiền bão hiểm là loại nâo?","Cùng loại với đồng tiền cùa L/C.","Là VND.","Là USD.","Lã loại ngoại tệ bất kỳ.","1"
"24","Trưởng họp Khách hàng phái mua bảo hiềm hàng hóa để phát hành L/C, Agribank không chấp nhận loại giầy tờ bào hiềm nào sau đây?","Họp dồng bào hiềm cửa Công ty bào hiểm.","Chứng nhận báo hiểm của Công ty báo hiểm.","Văn bân cam kết bổ sung hợp dồng bào hiềm/chứng nhận bão hiểm.","Chửng nhận bão hiểm cùa công ty môi giới bâo hiểm.","4"
"25","Agribank chấp nhận hủy ƯC nhập khẩu trong trưởng hợp nảo?","Agribank dã phát hành Bão lãnh nhận hảng/Thư ủy quyền nhận hàng/dã ký hậu vận dơn đê khách hàng di nhận hàng","Các bên liên quan (ngân hảng phát hành, người hường lợi, ngân hàng xác nhận - nếu có) dồng ỷ hủy L/C","L/C có phát sinh tranh chẩp thương mại","Bên mua và bên bán dã đồng ỷ hủy L/C","2"
"26","Ngân hàng phát hành L/C có thể là bên yêu cầu mở L/C, đúng hay sai?","Đúng","Sai","","","1"
"27","Người yêu cầu mở L/C là một bên (party) của L/C, dứng hay sai?","Đúng","Sai","","","2"
"28","Nhận định nào dưới dây là dúng về ngân hảng thông báo L/C thứ hai?","Một ngân hàng thõng báo thứ 2 dược ngân hàng thông báo thứ 1 sử dụng đồ thông báo L/C dến người thụ hưởng.","Một ngân hàng thông báo thứ 2 có thể được chi rõ trong nội dung L/C để thực hiện thông báo L/C dến người thụ hường.","Cà hai đáp án ưên","","3"
"29","Which of the following is not a form of ‘honour’?","Acceptance.","Deferred payment.","Negotiation.","Payment.","3"
"30","Bảng việc chi định một ngân hảng khác dưa ra cam kct thanh toán trà chậm không kèm xác nhận, ngân hàng phát hành L/C dã thực hiên?","cho phép ngân hàng chi dịnh này thanh toán ứng trước cho người thụ hướng khi họ yêu cầu.","cho phép ngân hàng chi dịnli này chấp nhận hối phiếu.","cho phép ngân hàng chỉ dịnh này mua lại hoặc thanh toán ứng trước bộ chứng từ.","ẩn định trách nhiệm của ngân hàng chỉ djnh này ưong việc thanh toán bộ chứng từ.","3"
"31","Việc phát hành L/C đối với hỉnh thức mua bán hàng hóa chuyển khẩu tại Agribank cỏ được thực hiện hay không?","Cỏ","Không","","","2"
"32","Khỉ thực hiện đỏng hồ sơ L/C, dơn vị tác nghiệp có trách nhiệm thực hiện những nội dung nào?","Thu các khoăn phí theo quy dinh","Thu các khoản phí theo quy dịnh, giải tôa tiền ký quỹ (nếu có)","Thu các khoăn phí theo quy dịnh, giải tòa tiền ký quỹ (nếu có), thông báo cho Phòng/Bộ phận Khách hăng (nếu cần)","","3"
"33","Ngân hàng hoàn trả cần thông báo cho Agribank bàng hỉnh thức nào trước tối thiều 03 ngày trước khi thực hiện thanh toán?","Đầng thư","Bằng diện","Bằng bẩt cử phương tiện khẩn cấp nào","","2"
"34","Trưởng hợp ngàn hàng xác nhận đã chấp nhận một hối phiếu trả chậm, ngân hảng dỏ cỏ trách nhiệm phãi thanh toán vảo ngày dáo hạn khi nào?","Ngân hàng dó nhận được thanh toán từ ngân hàng phát hành.","Ngân hàng dỏ nhận dược thanh toán từ ngân hàng hoàn ưà.","Người thụ hưởng xuất trình hối phiếu.","Người yêu cầu xác thực hối phiếu","3"
"35","Trường hợp nào sau dây liên quan đến cam kết thanh toán trà chậm lả đúng?","Thanh toán được thực hiện tại một ngày tương lai theo quy đinh của thư tín dụng.","Thanh toán chì dược thực hiện bới ngân hàng phát hành.","Thanh toán dược thực hiện vào ngây đến hạn cùa hối phỉểu.","Thanh toản dược thực hiện khi xuất trinh bộ chửng từ phù hợp.","1"
"36","Việc phát hành L/C xác nhận cần chỉ rõ từ khóa nào tại trưởng thích hợp cùa MT700?","CONFIRM","MAY ADD","WITHOUT","","1"
"37","Sau khi da thanh toán L/C, dến thời điểm khách hàng kiểm tra hàng hóa nhận thấy hàng hóa bi thiếu/ hư hỏng, thì khách hằng có được quyền yêu cầu ngân hàng đòi lại so tiền da thanh toán cho ngân hàng cùa bên bán không?","Cỏ","Không","","","2"
"38","Trưởng hợp Agribank nhận dược diện yêu cầu thanh toán L/C họp lệ từ ngân hàng nước ngoài, việc thanh toán phải dược thực hiện khi nào?","Theo ngày hiệu lực thanh toán ưên diện yêu cầu thanh toán hoặc trong vòng 05 ngày kể từ ngày nhận được diện yêu cầu thanh toán","Theo ngày hiệu lực thanh toán ưên diện yêu cầu thanh toán hoặc trong vông 03 ngày kể từ ngày nhận được diện yêu cầu thanh toán","Theo ngày hiệu lực thanh toán ưên diện yêu cầu thanh toản hoặc ưong vỏng 05 ngày làm việc kể từ ngày nhận dược diện yêu cầu thanh toán","Theo ngày hiệu lực thanh toán ưên diện yêu cầu thanh toán hoặc trong vỏng 03 ngây làm việc kề từ ngày nhận dược diện yêu cầu thanh toán","4"
"39","Thời hạn dơn vị tác nghiệp lập diện từ chổi thõng báo L/C, sửa đổi L/C gửi Ngân hàng phát hành hoặc Ngân hàng thông báo thứ nhất vả thực hiện đóng hồ sơ là bao lâu?","Trong vòng (03) ngày làm việc kể từ ngây nhận dược L/C, sửa dổi L/C và thực hiện đóng hồ sơ L/C.","Trong vòng (05) ngây kề từ ngây nhận dược L/C, sửa dổi L/C và thực hiện dóng hồ sơ L/C.","Trong vòng (03) ngày kề từ ngây nhận được L/C, sữa đồi L/C và thực hiện dóng hồ sơ L/C.","Trong vòng (05) ngây lảm việc kẻ từ ngày nhận dược L/C, sửa đối ƯC và thực hiện đóng hồ sơ L/C.","1"
"40","Thư tin dụng chuyển nhượng có thể chuyền nhượng theo yêu cầu của người thụ hường thứ hai cho bất cứ người thụ hướng ké tiếp nào. Đúng hay sai?","Đúng","Sai","","","2"
"41","Thông báo sửa dỗi ƯC chì thục hiện dối với L/C đã được Agribank thông báo trước dỏ, trừ trường hợp có xác nhận bằng điện/thư xác thực cùa ngân hàng gửi L/C đề nghị thực hiện thông báo sửa dồi dó, kèm theo toàn bộ nội dung của ƯC và các sửa đồi trước dó (nếu có). Đúng hay sai?","Đúng","Sai","","","1"
"42","Khi phát hành L/C, Chi nhánh xem xét yêu cầu Khách hàng mua bão hiểm cho lô hàng hoặc các biện pháp khác dễ đàm bảo hạn chể rủi ro cho Khách hảng và Agribank ưong trưởng họp nào?","Đổi với phương thức vận chuyền trong Yêu cầu mở ƯC mà giá hàng hỏa chưa bao gổm bào hiểm theo Điều kiện thương mại quốc tế (Incoterms)","Khách hàng ký quỹ dưới 100% ưí giá L/C","Cã 1 và 2 đều đúng","","3"
"43","Đồng tiền bào hiểm phải cùng loại với đồng tiền cùa L/C. Đúng hay sai?","Đúng","Sai","","","1"
"44","Nếu hợp đồng ngoại thuơng có nội dung chấp nhận chửng từ bào hiểm cùa công ty môi giới bào hiểm till kill phát hành L/C Agrỉbank sẽ chấp nhận chứng từ này là chúng từ bào hiểm. Đúng hay sai?","Đúng","Sai","","","2"
"45","Trưởng hợp L/C ưâ chậm, chưa đến hạn thanh toán tuy nhiên dã het hạn hiệu lục quá 45 ngày, Agribank vẫn sẽ đông hồ sơ L/C theo quy định. Đúng hay sai?","Đúng","Sai","","","2"
"46","Anli/Chị hãy cho biết hiện nay Agribank đang áp đụng những loại nhờ thu kèm chứng lừ nào?","Nhờ thu theo hình thức chấp nhận thanh toán giao chứng từ (Delivery of documens Against acccptance-D/A).","Nhờ thu theo hình thức thanh toán giao chứng từ (Delivery of documens Against Paymcnt-D/P).","Giao chứng từ theo các điều kiện khác(Delivery of documents on other temrs and conditions-D/OT).","Tất cả đáp án trên dều đùng","4"
"47","Anh/Chị hãy cho biết hiện nay Agribank từ chối thanh toán Nhờ thu khi nào?","Người ưả tiền cỏ văn bàn từ chối thanh toán một phằn trị giá Nhờ thu.","Người ưà tiền cỏ văn bàn từ chối thanh toán toàn bộ trị giá Nhờ thu.","Người trà tiền đã chấp nhận thanh toán nhưng dến ngày dáo hạn không có đủ tiền thanh toán đổi với Nhờ thu D/A.","Tất cá đáp án trên dều đúng","4"
"48","Khi Khách hàng Nhở thu xuất khẩu dáp ứng diều kiện ửng trước tiền cùa Agribank, số tiền ứng trước tối da cho khách hàng là bao nhiêu?","98% X (trị giã bộ chứng từ nhờ thu xuất khẩu)","98% X (tri giá bộ chửng từ nhờ thu xuất khẩu sau khi trừ sổ tiền ngân hàng dự kiến thu các chi phí phát sinh)","90% X (trị giả bộ chứng từ nhờ thu xuẩt khẩu)","90% X (trị giá bộ chứng từ nhờ thu xuất kliầu sau khi trừ số tiền ngân hàng dự kiến thu các chỉ phi phát sính)","4"
"49","Anh/Chị hãy cho biết hiện nay Agribank quy định thời hạn ứng trước tối da dối với bộ chứng tử Nhờ thu xuất khẩu D/P là bao lâu?","60 ngày kề tử ngày Agribank thực hiện ứng trước tiền.","10 ngày kể từ ngày Agríbank thực hiện ứng trước tiền.","Khoáng thời gian tính từ ngày tiếp theo của ngày Agribank thực hiộn ứng trước tiền tới ngày dến hạn thanh toản của bộ chứng tử cộng (+) mười (10) ngày kể từ ngày Agribank thực hiện ứng trưởc tiền.","","1"
"50","Khi là Ngân hàng thu hộ (Collecting Bank), Agribank sẽ không chịu trách nhiệm nào sau dây?","Kiềm tra nội dung các chứng từ nhờ thu","Đã thực hiện tỉico chi thị nhờ thu và ƯRC 522 nhưng bộ chửng từ nhờ thu không dược thanh toán, chậm thanh toán","Cã 2 phương án ưên","","3"
"51","Theo nghiệp vụ Nhờ thu tại Agribank, chỉ dẫn giao chứng từ cho Người trả tiền trên cơ sớ chấp nhận thanh toán cùa Người ưả tiền là loại nhờ thu nào sau đây?","D/P trả ngay","D/P kỳ hạn","D/A","D/OT","3"
"52","Đổi vửi Nhờ thu xuất khẫu, sau bao nhiêu ngày kể từ ngày đến hạn mà bộ chứng từ nhở thu vẫn chưa được thanh toán, Đơn vị tác nghiệp lập thông báo gữi Người đòi tiền vả làm thú tục đỏng hồ sơ Nhờ tliu?","5 ngây","ỈO ngày","20 ngày","30 ngây","4"
"53","Khi là Ngân hàng thu hộ (Collecting Bank), Agribank từ chổi thu hộ đổi với các trường họp nào sau dây?","Chi thị Nhờ thu không cụ thể, rõ ràng, có điều khoản bất lợi cho Agribank","Nhờ thu không dẫn chiểu tuân thù Quy tẳc thống nhất về Nhở thu (ƯRC)","Khách hàng từ chối nhận bộ chứng từ hoặc Khách hảng không có ý kiến trà lời bằng văn bản trong vỏng mưỏi (10) ngày làm việc kể từ ngày Agribank gửi thông bảo chứng từ Nhờ thu","Tất cã đáp án trên đều dứng","4"
"54","Anh/Chị hãy cho biểt hiện nay Agribank quy định thời hạn ứng trước toi đa đối với bộ chứng tử Nhờ thu xuất khẩu D/A là bao lâu?","Ngây dến hạn thanh toán cũa bộ chứng từ nhờ diu hàng xuất cộng 10 ngây","Tổng thời gian ửng trước tiền cho bộ chứng từ nhờ thu hàng xuất tổi da 360 ngày","Đáp án (1) và (2)","","3"
"55","Theo quy dinh tại quy ưỉnh thanh toán quốc té, chi dần nhờ thu phái dẫn chiếu tuân thủ theo quy tắc nào?","URC","URR","UCP","ISBP","1"
"56","Khách hàng từ chối nhận bộ chứng từ hoặc không có ý kiển trá lời bằng văn bân ưong vòng mười (10) ngày làm việc kề từ ngày gùi thông bảo chứng từ Nhờ thu, thi Agribank cỏ quyền từ chổi thu hộ không?","Có","Không","","","1"
"57","Khi là ngân hàng thu hộ, Agribank sẽ được miền trách ưong trường hợp dã thực hiện theo chi thị Nhờ thu vả quy tắc Quốc tể mà bộ chứng từ Nhở thu không được thanh toán hoặc thanh toán chậm, đúng hay sai?","Đúng","Sai","","","1"
"58","Trong các diều kiện đổi với chi dẫn đặc biệt trên chỉ thị Nhờ thu Nhập khẩu, sau bao nhiêu ngày kể từ khi gửi thông báo không nhận được chi thị từ bên gửi chửng từ thì Chi nhánh chuyển trâ lại bộ chửng từ cho bên gửi?","60 ngây","30 ngây","21 ngày","5 ngây","2"
"59","Trong trường hợp các chi dẫn nhờ thu ghi sai hoặc không ghi dầy đủ địa chi người ưà tiền hoặc noi xuất trinh chứng ỉừ, ngân hàng thu hộ cỏ thề cổ gắng xác định dịa chi thích họp vả chịu hoàn toàn trách nhiệm về phía minh, dúng hay sai?","Đúng","Sai","","","2"
"60","Ngân hàng chuyển (Remitting Bank) chuyển bộ chứng từ theo yêu cầu cùa nhà xuất khẩu sang cho ngân hàng thu hộ (Collecting Bank) nhờ thu tiền bên nhập khẩu. Tranh chấp xày ra khi bộ chứng tử bị thất lạc, vậy ai là người sẽ chịu trách nhiệm về việc thất lạc chứng từ như ưên?","Ngân hàng chuyền","Ngân hàng thu hộ","Bên xuấtkhầu","Bên nhập khẩu","3"
"61","Theo URC 522, chứng từ nào dưới dây là chứng từ tải chinh ?","Hỏa don thương mại","Giấy chứng nhận xuất xứ","Vặn đơn đường biển","Hối phiếu","4"
"62","Trong thư ủy thác nhờ thu (collection letter) chỉ rõ người trà tiền (Drawee) phải thanh toán cả tiền lãi (nểu cỏ) vả không dược bỏ qua tiền lãi. Do người trà tiền chi trà tiền hàng mà không ưà tiền lãi cho nên ngân hăng không trao chứng từ cho người trà tiên. Theo URC522, việc lảm trên của ngân hàng là đúng hay sai?","Đúng","Sai","","","1"
"63","Ngân hàng thu hộ Y sau khi nhận được chi thị nhờ thu từ Ngân hàng chuyển chứng từ X, thấy mình không có tài khoán cùa nhà nhập khẩu nên tự ý nhờ ngân hàng z xuẩt trình chứng từ nhở thu. Hành dộng trẽn của Ngân hảng Y dúng hay sai?","Đúng","Sai","","","1"
"64","Trong trường hợp Khách hàng không chi định ngân hảng thu hộ thỉ Agrỉbank chọn NHĐL phù hợp, có uy tín làm ngân hảng thu hộ và Agribank cỏ được miễn trách vè sự lưa chọn đỏ hay không?","Cỏ","Không","","","1"
"65","Quy dịnh cùa Agribank về thoái hổi ưong giao dịch chuyến tiền dển là gì?","Không dược thoái hối","Thoái hổi dược thực hiện tại chi nhảnh loại I","Thoái hổi trục tiếp với ngân hàng nước ngoải, không cần thực hiện qua Trung tâm thanh toán","Không thoái hổi trực tiếp với ngân hảng nước ngoài mà phài thực hiện qua Trung tâm thanh toán.","4"
"66","Hồ sơ chuyển ngoại tộ ra nước ngoài đề thanh toán cho các tổ chức ở nước ngoài đổi với phí hội viên KHÔNG BẮT BUỘC bao gồm những chứng từ gì?","Hợp dồng lien quan đến khoản chỉ ưâ","Thông bảo và/hoặc hóa dơn thu phí của bên nước ngoài về mức phí phải thanh toán","Quy chế/ nghị quyết do cấp cỏ thẩm quyền của khách hàng ký về việc tham gia tổ chức nước ngoài","Giấy tờ chứng minh khách hàng dã sử dụng dịch vụ phát sinh phi","3"
"67","Khi khách hàng tổ chức là người không cư trú thực hiện giao dịch chuyển tiền ra nước ngoài sổ ngoại tệ cỏ ưên tài khoăn ngoại tệ của khách hàng, khách hàng cần xuất trinh giầy tờ nảo?","Giấy tờ chứng minh nguồn gốc sổ tiền trên tài khoán","Thông bảo dược xác thục về thông tin của người nhận tiền","Lệnh chuyển tiền (không cần xuất trinh giẩy tờ nào khác)","Giấy tờ chửng minh mục dỉch sừ dụng số tiền chuyền","3"
"68","Khách hàng là người không cư trú chỉ được sử dụng tài khoản thanh toán bàng ngoại tộ đê thực hiện các giao djch thu chuyển khoản từ nước ngoài vi mục dích chuyển vốn. Nhận dịnh trên lâ dúng hay sai?","Đủng","Sai","","","2"
"69","Phương thức thanh toán quốc tế chứa dựng rùi ro nhiều nhát dối với nhà nhập khẩu là gì?","Ghi sổ (Open account)","Chuyển tiền ưâ trước","Tín dụng chửng từ (Documentary Credit)","Nhờ thu (Collection)","2"
"70","Ngày hiệu lực cùa Lệnh chuyên tiền dược xác dịnh cùng ngày với ngây nào sau dây?","Ngày giao dịch trên cơ sở khách hàng xuất trình chứng từ dầy đũ và hợp lệ theo quy dinh, dàm bào nguồn thanh toán","Ngày khách hàng xuất trinh chửng từ dầy dủ họp lệ","Ngày khách hàng dâm bào nguồn thanh toán theo quy dinh","Ngày giao dịch trẽn cơ sờ khách hăng xuất trình chứng từ dầy đủ và hợp lộ theo quy dinh, đâm bảo nguồn thanh toán và trước giờ giới hạn giao dịch dổi với tửng loại ngoại tệ nhận điện cùa Chi nhánh tại Trung tâm thanh toán","4"
"71","Hồ sơ chuyển tiền di bao gồm những chửng từ gì?","Hồ sơ pháp lý (dối với khách hàng giao dịch lần dầu hoặc khi có thay dồi, bổ sung thông tin)","Lệnh chuyển tiền, hợp dồng mua bán ngoại tệ (nếu cần)","Hồ sơ chứng minh mục đích chuyển tiền tương ứng tuân thủ theo quy dinh hiện hành VẺ quân lỷ ngoại hối dổi với các giao dịch thanh toán, chuyển tiền của Agribank","Tất cả đáp án ưên","4"
"72","Thông tư 12/2022/TT-NHNN ngày 30/09/2022 quy định về vấn dề gì?","Hướng dần sử dụng tài khoản ngoại tệ của ngưởi cư trú","Hướng dẫn về quàn lý ngoại hối dổi với việc vay, ưà nợ nước ngoài của doanh nghiệp","Hưởng dần hoạt động chuyển tiền một chiều từ Việt Nam ra nước ngoải","Hướng dẫn việc mờ và sử dụng tài khoản von đầu tư gián tiểp","2"
"73","Theo quy dịnh tại Thông tư 20/2022/TT-NHNN ngây 30/12/2022, trường hợp nào KHÔNG thuộc mục dích mua chuyền ngoại tệ ra nước ngoài để tài ượ, viện trợ cùa tồ chức?","Mua, chuyển mang ngoại tệ ra nước ngoài dể tải ượ, viện ượ theo các cam két, thỏa thuận giữa Nhà nước, Chinh phù, các cẩp chỉnh quyền dja phương với nước ngoài.","Mua, chuyền ngoại tộ ra nước ngoài dể tài ượ, viện ượ khắc phục hậu quà thiên tai, dịch bệnh, chiên tranh.","Mua, chuyển ngoại tệ ra nước ngoài dể tài trợ cho các chương trinh, các quỹ, dự án do tổ chức ưong nước và/ hoặc tồ chửc ở nước ngoài thành lặp nhẳm mục đích hỗ ượ và khuyến khích phát ưiển trong các lĩnh vực: văn hóa, giáo dục (tài trợ học bỗng) và y tẻ.","Mua chuyển ngoại tộ ra nước ngoài dể phân bổ tiền tài trợ cho các thành viên ở nước ngoài tham gia thực hiện dự án nghiên cứu khoa học ở nước ngoài","4"
"74","Theo quy dịnh tại Thông tư 20/2022/TT-NHNN ngày 30/12/2022, câu nào sau dây KHÔNG dúng?","Mức ngoại tệ mua, chuyền mang ra nước ngoài dề tài ừợ viện ượ theo các cam kết, thỏa thuận giữa Nhà nước với nước ngoài cãn cử vào số tiền giữ trên giấy tờ, chứng tử cỏ liên quan","Mức ngoại tệ mua, chuyển mang ra nước ngoài dề tài ượviện ượ khắc phục hậu quà thiên tai, djch bệnh cãn cứ vào sổ tiền ghi trên giấy tờ, chứng từ có liên quan","Mức ngoại tệ mua, chuyển ra nước ngoài ưong trường hợp chuyền tiền trả thưởng cho người không cư trủ là tổ chửc, cá nhãn tham gia các chương ưinh tại Việt Nam cãn cứ vào sổ tiền ghi trên giầy tờ, chửng từ có liên quan","Mức ngoại tệ mua, chuyển ra nước ngoài dể tài trợ cho các quỹ, dự án căn cứ vào sổ tiền ghi trên giẩy tở, chứng từ liên quan nhưng tối đa không vượt quá 30.000ƯSD (Ba mươi ngăn dô la Mỹ) hoặc tương dương","4"
"75","Theo quy dịnh tại Thông tư 12/2022/TT-NHNN ngày 30/09/2022, câu nào sau dây KHÔNGdúng?","Các khoăn vay tự vay, tự trà dưới hỉnh thửc nhập khẩu hàng hóa trà chậm không thuộc dổi tượng phải dăng ký với Ngân hàng nhả nước.","Ngày rút vổn của khoán vay nước ngoài dưới hỉnh thúc nhập khẩu hảng hóa trả chậm là ngày thứ 45 kề từ ngây phát hành chứng từ vận tải trong trưởng hợp ngân hàng cung ứng dịch vụ tài khoản yêu cầu bộ chứng từ thanh toán phải có chúng từ vận tải.","Thời hạn khoản vay nước ngoài dưới hình thức nhặp khẩu hàng hóa trả chậm là thời hạn dược xác dịnh từ ngày rút vốn dầu tiên dển ngày thanh toán cuối cùng.","Các giao dịch chuyền tiền trà nợ (gốc, lãi), ưã phí liên quan dến khoản vay nước ngoài dưứi hỉnh thức nhập kliẩu hàng hóa ưã chậm không bắt buộc thực hiện qua tài khoản vay, trà nợ nước ngoài.","2"
"76","Theo Thông tư 12/2022/TT-NHNN ngày 30/09/2022, quy dịnh dổi với bên di vay là doanh nghiệp có vốn dầu tư trực tiếp nước ngoài là gì?","Bên di vay cỏ thẻ dùng 01 tài khoăn cho 01 hoặc nhiều khoán vay nước ngoài","Bên di vay không dược sử dụng tài khoản vốn dầu tư trực tiếp để thực hiện các giao dịch thu, chi liên quan dến khoăn vay nước ngoài.","Đổi với các khoàn vay ngắn hạn cỏn dư nợ gốc tại thời diểm ưòn 01 năm kể từ ngày rút vốn, bên di vay thực hiện trà nợ qua tài khoản vay ưả nợ nước ngoài hoặc tài khoản vổn dầu tư trực tiếp.","Trường hợp dồng tiền vay không phải là dồng tiền của tài khoán vổn dầu tư trực tiếp, bên đi vay dược mở tài khoản vay, ưà nợ nước ngoài dể thực hiện khoản vay nước ngoài tại ngân hàng khác.","1"
"77","Hàng hỏa xuất kliầu, nhập khẩu tại chồ gồm nhũng gì?","Sàn phấm gia công, mảy móc, thiết bị thuê hoặc mượn, nguyên liệu phụ liệu, vật tư dư thừa.","Hàng hóa mua bản giữa doanh nghiệp Việt Nam với tố chức, cá nhân nước ngoài không cỏ hiện diện tại Việt Nam và dược thương nhân nước ngoài chi đinh giao, nhận hàng hỏa với doanh nghiệp khác tại Việt Nam.","Hàng hỏa mua bán giữa doanh nghiệp nội dịa với doanh nghiệp ché xuất, doanh nghiệp trong khu phi thế quan.","Tất cả đáp án ưên dều dúng","4"
"78","Doanh nghiệp cỏ vốn đầu tư trực tiếp nước ngoài là những doanh nghiệp nào?","Doanh nghiệp dược thành lập sau khi chia tách, sáp nhập, họp nhẩt đẫn đen nhà đầu tư nước ngoải sở hữu 51 % vốn điều lệ trờ lẽn cùa doanh nghiệp","Doanh nghiệp dự án do nhà dầu tư nước ngoải thành lập đề thực hiện dự án ppp theo quy dịnh cùa pháp luật về đầu tư","Doanh nghiệp cỏ nhà đầu tư nước ngoài góp vổn, mua cổ phần, phần vốn góp vào doanh nghiệp dẫn đến nhà dầu tư nước ngoài sở hữu từ 51% vốn diều lệ ườ lên cùa doanh nghiệp.","Tất cả đáp án ưên đều đúng","4"
"79","Tâi khoản nào sau đây KHÔNG là tài khoăn chuyên dùng?","Tài khoán vốn đầu tư trực tiếp nước ngoài vảo Việt Nam","Tài khoản tiết kiệm có kỳ hạn cùa tổ chức","Tài khoán vốn nhận ùy thác dầu tư gián tiếp ra nước ngoài","Tài khoản thực hiện bão lãnh cho người không cư trứ","2"
"80","Hồ sơ chứng từ để chuyển ngoại tệ ra nước ngoài dễ trà lại đối tác nưởc ngoài tiền ứng trước do thanh lý hợp đồng ngoại thưong ưong trường hợp thiếu lượng hàng hóa xuất khẩu gồm những gì?","Họp đồng ngoại thương, Giấy tờ chứng mình việc thanh lý hợp dồng","Giấy tờ chửng minh khách hàng dã nhận dược khoăn tiền ứng trước của dổi tác nước ngoài","Giấy tờ chứng minh số lượng hàng hóa đã dược xuất khẩu (Tờ khai hãi quan xuất khẩu dã thông quan/ Vận dơn...)","Tất cả dáp ản trên","4"
"81","Theo quy định tại Thông tư20/2022/TT-NHNN, nguồn ngoại tệ chuyển, mang ra nước ngoài cho các mục đích chuyền tiền một chiều cũa tổ chức bao gồm những nguồn nào?","Ngoại tệ trên tài khoản thanh toán","Tiền gửi cố kỳ hạn bẳng ngoại tệ","Ngoại tệ mua của ngân hàng dược phép","Tẩt cã đáp án trên dều dúng","4"
"82","Theo quy dịnh tại Thông tư 08/2023/TT-NHNN ngảy 30/6/2023, bên di vay vay nước ngoài dưới hĩnh thức nhập kliẳu hàng hóa trả chậm có phải tuân thù các diều kiện vay nước ngoài không dược chính phủ bào lãnh không?","Có","Không","","","2"
"83","Theo quy định tại Thông tư 08/2023/TT-NHNN ngày 30/6/2023, trưởng hợp khoản vay dã dược rút vốn nhưng tạm thời chưa sử dụng cho các mục đích vay nước ngoài họp pháp, bên dì vay cỏ thẻ sử dụng nguồn tiền này để gửi tiền cỏ kỳ hạn tại các TCTD với kỳ hạn bao làu?","Không quả 01 tháng","Không quá 02 thảng","Không quả 03 tháng","Không quá 06 tháng","1"
"84","Theo quy định tại Thông tư 08/2023/TT-NHNN ngày 30/6/2023, nội dung cơ bản của Phương án sử dụng vốn vay nước ngoài trong trường hợp bên di vay không là TCTD?","Tên bên di vay, loại hỉnh doanh nghiệp, vốn điều lệ, địa chi, Giấy phép thành lập, Giẩy chửng nhận dăng ký kinh doanh. Giấy dãng ký hợp tác xã, liên hiệp hợp tác xã và các vãn bân sữa dổi, bồ sung (nếu có) hoặc các giấy tở khác có giả trị tương dưong, phạm vi ngành nghề sàn xuất, kinh doanh hợp pháp liên quan đến mục dích sử dụng vốn vay nước ngoài cùa bên di vay","Thông tin về khoản vay nước ngoài dự kiến thực hiện","Mục dich và quy mô vay nước ngoài","Tất cả đáp án ưên","4"
"85","Đối với chuyển ngoại tệ ra nước ngoài dể thanh toán các chi phí trong trường hợp tạm xuất, tái nhập hàng hỏa, khách hàng chuyển tiền trước khi hoàn thành thù tục hài quan phải xuất trinh bồ sung tờ khai hãi quan không muộn hơn bao nhiêu ngày sau ngày hàng hóa dược thõng quan?","10 ngày","20 ngây","30 ngày","40 ngây","3"
"86","Thời hạn tạm xuất khẩu hàng hóa để tham gia hội chợ, triền lãm thương mại ở nước ngoăi lă bao lâu kẻ từ ngày hăng hóa dược tạm xuất khấu?","3 thúng","6 tháng","9 tháng","Inăm","4"
"87","Nguồn tài trợ là nguồn tiền cùa tổ chức tài trợ, mức ngoại tệ chuyển ra nước ngoài cãn cứ vào số tiền ghi ưên giấy tờ, chứng tử cố liên quan nhưng tối da không vượt qua 50.000 USD (Năm mươi ngân Đôla Mỹ) hoặc các loại ngoại tệ có giá trị tương dương một lần chuyển tiền là đúng hay sai?","Đúng","Sai","","","1"
"88","Khách hàng mua ngoại tệ tại Agribank từ nguồn thu nhập hợp pháp bằng VND từ hoạt dộng đầu tư trực tiếp tại Việt Nam thỉ thời hạn chuyển ra nước ngoài là bao lâu?","15 ngây làm việc kể từ ngây mua dược ngoại tệ tại Agribank","30 ngày lảm việc kể từ ngày mua được ngoại tệ tại Agribank","45 ngày làm việc kề từ ngảy mua được ngoại tệ tại Agribank","60 ngảy làm việc kể từ ngày mua dược ngoại tệ tại Agribank","2"
"89","Nhà đầu tư trực tiếp nước ngoài vảo Việt Nam có dược phép chuyển ra nước ngoài sổ tiền đã chuyền vào Việt Nam đề thực hiện hoạt dộng chuẩn bi dầu tư và tiền lãi phát sinh (néu có) sau khi trừ đi chi phí hợp pháp dã phát sình tại Việt Nam liên quan đến hoạt dộng chuẳn bị dầu tư tại Việt Nam do không dược Cữ quan có thẩm quyền cấp Giẩy chứng nhận dăng ký đầu tư hay không?","Có","Không","","","1"
"90","Đổi với mục dich kinh doanh chuyền khẩu hàng hỏa, khách hàng phải cam kết sẽ nhận tiền thanh toán theo hợp dồng bán hàng hỏa kinh doanh chuyển khầu về tải khoản của chính khách hăng tại Agribank. Nhận dịnh trời là dúng hay sai?","Đúng","Sai","","","1"
"91","Đon vị nào dầu mối hướng dẫn thu, chi dối với các tải khoản chuyên dùng trong hộ thống Agribank?","Trung tâm TTTM","Ban Tài chính kế toán","Trung tâm Kinh doanh vốn và tiền tệ","Trung tâm Công nghệ thông tin","2"
"92","Mức ký quỹ mở UPAS L/C trong trưởng họp nguồn vốn thanh toán dược bào dâm bàng hàng hóa ưong giao dịch là bao nhiêu?","Không yêu cầu mức ký quỹ","5% giá tri UPAS ƯC","Tối thiểu 5% giá ưị UPAS L/C (bao gồm dung sai)","Tối thiểu 10% giá trị UPAS L/C (bao gồm đung sai)","3"
"93","Mức phí dịch vụ UPAS L/C tối thiểu (chưa gồm thuế) tí nil như thế nào?","Mức phí dịch vụ UPAS L/C tổi thiều = Chi phi Tài trợ thương mại (TTTM) phái trả cho Ngân hảng tải ượ+ Biên độ tối thiều cùa Agribank","Mức phí dịch vụ UPAS L/C tối thiều = Chi phí TTTM phài trà cho Ngân hàng tài ượ","Mức phí dịch vụ UPAS L/C tổi thiểu = Chi phí TTTM phải trà cho Ngân hảng tải ượ + Biên độ tổi thiểu cùa Agribank + Phí khác","Mức phí dịch vụ UPAS L/C tổi thiểu = Biên dộ tổi thiểu cùa Agribank + Phí khác","1"
"94","Điều kiện về hàng hóa nào sau đây dũng đổi với việc phát hành UPAS L/C?","Chỉ áp dụng tài trợ đối vởi các giao dịch theo Hợp đồng xuất nhập khầu/mua bản hàng hỏa, không áp dụng vởi hợp đồng dịch vụ, chuyển giao công nghệ.","Không áp dụng đổi với mặt hàng có rũi ro cao như hàng dã qua sử dụng;","Không dược mua bán theo hình thức chuyền khẩu","Tất cả đáp án ưên","4"
"95","Phòng Khách hàng phải thực hiện nội dung nào trước khi phát hành UPAS L/C?","Kiểm ưa diều kiộn VC khách hảng, mặt hàng (trưởng hợp nguồn vốn thanh toán dược bão dàm bẳng hăng hóa ưong giao dịch), thời hạn ưà chậm của UPAS L/C","ĐỀ xuất biên dộ áp dụng của Agribank","Thẩm định, dề xuất, phs duyệt nguồn vốn thanh toán, mửc ký quỹ mờ UPAS L/C, mức ký quỹ đâm bào thanh toán phi dịch vụ UPAS L/C","Tất cả đáp án ưên","4"
"96","Trưởng hợp sửa đổi UPAS L/C, những nội dung nào cần dược Ngân hàng tài trợ xác nhận trước khỉ phát hành sửa dồi ?","Sửa dổi liên quan den số tiền","Sửa đồi liên quan den ngày hết hạn hiệu lực, thời hạn trá chậm","Sửa dổi liên quan dến hăng hóa","Tất cả đáp án ưên đều dũng","4"
"97","Tại Agribank, việc xữ lý giao dịch UPAS L/C dược thực hiện tại dơn vị nào?","Tắt cà giao dịch UPAS L/C dược xử lỷ tập trung tại Trung tâm TTTM","Tất câ giao dịch UPAS L/C dược xử lý trực tiếp tại các chi nhánh","Trung tâm TTTM thực hiện thông bảo hạn mức UPAS ƯC cho toàn hộ thống, trực tiếp tác nghiệp giao dịch UPAS L/C cùa Chi nhánh TTQT tập trung; Chi nhánh TTQT trực tiếp tác nghiệp giao dịch UPAS L/C phát hành tại Chi nhánh theo thông báo hạn mức UPAS L/C của Trung tâm TITM.","Giao dịch UPAS L/C dược xử lý tại Chí nhánh theo thông báo hạn mức của Trung tâm TTTM.","3"
"98","Trường hợp khách hàng chưa dủ nguồn tiền thanh toán UPAS L/C khi den hạn, Agribank xử lý như thế nào?","Agribank vần thực hiện nghĩa vụ thanh toán cho ngân hàng tăi trợ dứng hạn.","Agribank thực hiện nghĩa vụ thanh toán cho ngân hàng tài trợ dỏng hạn và thực hiện thú (ục yêu cầu Khách hàng nhận nợ bắt buộc theo đúng quy dịnli về cho vay của NHNN, Agribank","Agribank dôn đổc khách hàng nộp dù tiền. Sau khi dù nguồn thanh toán, Agribank thanh toán cho ngân hàng tài ượ.","Agribank thông báo cho Ngân hàng tài trợ về việc khách hàng chưa dú nguồn tiền thanh toán và dề nghi gia hạn thanh toán.","2"
"99","Điều kiện nào về khách hàng sau dây đúng đối với việc phát hành UPAS L/C?","Được xếp hạng từ loại A trở len theo tiêu chỉ xép hạng tín dụng nội bộ của Agribank (trừ trưởng hợp khách hàng ký quỹ 100% trị giá UPAS L/C)","Trưởng hợp khách hàng ký quỹ dưới 100% trị giả UPAS L/C, Khách hàng phải dáp ứng các diều kiện cấp tín dụng theo quy dinh hiện hành cùa Agribank","Khách hàng phải dăm báo nguồn vốn thanh toán UPAS ƯC bao gồm Tất cả các loại lãi, phí liên quan dến UPAS L/C","Tất cả đáp án ưên","4"
"100","Có dược thanh (oán trước hạn đối với UPAS L/C không?","Không dược thanh toán trước hạn","Cỏ dược thanh toán trước hạn","Việc thanh toán trước hạn thực hiện ưên cơ sử thống nhất giữa Agríbank và Ngân hảng tài ượ, có thể thanh toán trước hạn một phần","Việc thanh toán trước hạn thực hiện ưên cơ sở thống nhất giữa Agribank và Ngân hảng tài ượ, nhưng chỉ chấp nhận dối với yêu cầu thanh toán toàn bộ giá trị bộ chứng từ, không chấp nhận thanh toán trước hạn một phần","4"
"101","Điên độ tỏi thiều áp dựng trong dich vụ UPAS L/C dổi với khách hàng ký quỹ 100% là bao nhiêu?","0,75%","0,8%","0,9%","1%","1"
"102","Trường hợp cần áp dụng mủc biên độ thấp hơn mức biên dộ tối thiều dối vứi UPAS L/C theo quy dịnh cùa Tồng Giám đốc, Chi nhánh phài lảm gì?","Giám dốc Chi nhánh xem xét quyết định đàm bào tống hòa lợi ích của khách hàng mang lại cho Chi nhánh và Agribank","Không dược phép áp dụng biên dộ tỉiầp hơn mức biên độ tối thiểu","Chi nhánh trinh Tổng Giám dốc phê duyệt (qua Trung tâm TTTM) trước khi áp dụng","Chi nhánh gửi đe xuất Trung tâm TTTM xem xẻt quyết địrủi","3"
"103","Câu nào sau dây là đúng về ký quỹ đàm bâo thanh toán phí dịch vụ UPAS L/C?","Không cần yêu cầu khách hăng kỹ quỹ đảm bào thanh toán phí dịch vụ UPAS LÍC","Giám đốc Chi nhánh quyết định và chịu trách nhiệm về việc ấp dụng hay không áp dụng ký quỹ dàm bào thanh toán phí địch vụ UPAS L/C","Agribank cố cho vay để ký quỹ đàm bào thanh toán phi djch vụ UPAS L/C","Bắt buộc phải yêu cầu khách hàng ký quỹ dám bào thanh toán phi dịch vụ UPAS L/C","2"
"104","Việc gửi điện dề nghị tải ượ đối với UPAS L/C ưả chậm phải dược thực hiện ít nhất bao nhiêu ngày tnrức ngày thanh toán cho Người hướng lợi/Ngân hàng cũa Ngưởi hường lợi ?","03 ngày làm việc","02 ngày lãm việc","01 ngây làm việc","Trong cùng ngày thanh toán","1"
"105","Câu nào sau dây là dứng với giao địch phát hành UPAS L/C cho nhóm khách hàng cỏ liên quan ?","Độ chứng từ xuất trinh theo ƯC phải đàm bào bao gồm chứng từ thể hiện việc chuyển giao hãng hóa tương ứng với giả trị hợp đồng mua bán","Chỉ nhánh có trách nhiệm kiểm tra thực tế các giao dịch mua bán giữa các thành viên thuộc nhóm khách hăng cỏ liên quan","Chi nhánh có ưách nhiệm đánh giá, xem xét kỹ đàm bào dáp ứng dũ điều kiện mới được mờ L/C cho khách hàng","Tất cả đáp án trên dều dúng","4"
"106","Đơn vị nào quyểt định lựa chọn ngân hàng tài trợ UPAS ƯC ?","Trung tâm TTTM","Ban ĐCTC","Chi nhánh","Khách hàng","1"
"107","Bộ hồ sơ giao djeh UPAS L/C Chi nhánh TTQT tập trung gửi đến Trung tâm TTTM gồm cỏ những chứng từ nào?","- Bàng kê chứng tử (nếu cần); - Yêu cầu xử lý giao dịch; - Tở ưình phê duyệt nguồn vốn thanh toán UPAS ƯC; - Xác nhận đồng ý mức phí dịch vụ cùa Khách hảng; - Hồ sơ yêu cầu phát hành UPAS ƯC theo quy định tại Quy ưình TTQT 699.","- Yêu cầu xử lý giao dịch; - Tờ trinh phê duyệt nguồn vốn thanh toán UPAS L/C; - Xác nhận đồng ý mức phí dịch vụ cũa Khách hàng; - Hồ sơ yêu cầu phát hành UPAS L/C theo quy dịnh tại Quy trinh TTQT 699.","- Bàng kê chứng từ (nếu cần); - Yêu cầu xử lý giao dịch; - Tờ trình phê duyệt nguồn vốn thanh toán UPAS L/C; - Xác nhận đồng ý mức phí dịch vụ của Khách hảng; - Hồ sơ yêu cầu phát hành UPAS L/C theo quy định tại Quy trinh TTQT 699 (sử dụng mẫu Yêu cầu mỡ UPAS L/C)","• Bàng kê chứng từ (nếu cần); - Yêu cầu xừ lỷ giao dịch; - Tờ trình phê duyệt nguồn vốn thanh toán UPAS L/C; - Xác nhận đồng ỷ mửc phi dịch vụ cùa Khách hàng.","3"
"108","Trong vỏng 01 ngày làm viộc tnrớc ngây đáo hạn UPAS L/C, Trung tâm TTTM/Chi nhánh TTQT trực tỉép thực hiện gửi điện nội bộ hoặc văn bản thông báo cho Trung tâm KDV và tiền tệ dề thực hiện diều chuyển vốn bên tài khoản Nosbo dổi với trưởng hợp nảo?","Đổi với trưởng họp UPAS L/C có chì định Ngân hăng hoàn trâ","Đổi với trưởng hợp UPAS L/C cho phép tự dộng ghi nợ tải khoăn Nostro cùa Agribank","Đổi với tất cá UPAS L/C","Đối với trưởng hợp UPAS L/C cỏ chỉ dịnh Ngân hăng hoàn bả hoặc cho phép tự dộng ghi nợ tài khoản Nosbo cùa Agribank","4"
"109","Trưởng hợp khách hàng dề nghị thanh toán bộ chứng từ cho Ngân hàng của Người hưởng lợi một phần bằng tiền ký quỹ/vốn tự cỏ đối với UPAS L/C, số tiền dề nghi tài bợ là bao nhiêu?","Bằng Trị giá bộ chứng tử","Bằng Tri giá bộ chứng từ + Lãi, phí phải trả cho NH tải trợ","Bầng Tri giá bộ chứng từ - sổ tiền ký guỹ/vổn tự có","Bẳng (Trị giá bộ chứng từ - sổ tiền ký quỹ/vổn tự cô) + Lãi, phí phải trả cho NH tài bợ","3"
"110","Đồng tiền bong giao dịch UPAS L/C lả gi?","là USD hoặc các loại ngoại tệ tự do chuyền dổi","lả VND, USD hoặc các loại ngoại tệ tự do chuyền dồi","là VND, USD hoặc các loại ngoại tệ tự do chuyển dồi do Agribank thỏa thuận với khách hàng","là VND, USD hoặc các loại ngoại tệ tự do chuyển đồi dược Agribank và Ngân hàng tài trợ chấp nhận","4"
"111","Phương pháp tỉnh phí dịch vụ UPAS L/C như thế nào?","Phí dịch vụ tĩnh trên trị giá bộ chửng tù UPAS L/C dược chấp nhận thanh toản,","Phí dịch vụ tĩnh kể từ ngày Ngân hàng tài bợ thanh toán cho Người hưởng lợi dến ngày đáo hạn UPAS L/C, cơ sờ tính phí 365 ngày/năm.","Phí dịch vụ tính tương ứng với phương thức Agribank trà lãi cho Ngân hàng tài bợ.","Tất cả đáp án bên","4"
"112","Đơn vị chịu trách nhiệm kê khai thuế nhà thầu nước ngoài bong nghiệp vụ UPAS L/C lả dơn vị nào?","Chi nhánh TTQT trực tiếp","Trung tâm TTI'M","BanTCKT","Trung tâm TTTM/Chì nhánh TTQT trực tiếp thực hiện kê khai thuế dổi với giao djch do dơn vi tác nghiệp gửi Ban TCKT dể tổng hợp, kê kỉiai nộp thuế","4"
"113","Từ ngày 21/7/2023, việc phát hành UPAS L/C sử dụng mã nghiệp vụ nào trên IPCAS?","ILU","ILS","cá ILU và IUP","Chi sữ dụng IUP","4"
"114","Thời diểm nào cần gửi diện dè nghị tài trợ dến Ngân hàng tài bợ đổi với UPAS L/C?","Trước khi gửi diện chấp nhận thanh toán","Sau kill gùi điện chẩp nhận thanh toán","Sau kill gửi diện cháp nhận thanh toán và 3 ngây trước ngày thanh toán cho Người hướng lợi","Sau khi gừi diện chấp nhận thanh toán và ít nhất 3 ngày trước ngày thanh toán cho Người hưởng lợi","4"
"115","Thời điểm nào cần khai báo thông tin tài trợ vào hộ thổng IPCAS đối với UPAS L/C?","Sau khi chẩp nhận thanh toán UPAS L/C","Trước khi gửi diện đề nghị tài ượ dển ngân hảng tài ượ","Sau khi gửi diện dề nghị tài trợ dến Ngân hàng tài ượ","Sau kill chấp nhận thanh toán và nhận dược điện xác nhận tài trợ cùa Ngân hàng tài trợ, thực hiện nhập thông tin tài ượ vâo ngày Ngân hàng tải trợ thanh toán cho Người hưởng lợi","4"
"116","Phi chấp nhận thanh toán được áp dụng với loại UPAS L/C nào?","UPAS L/C trả ngay","UPAS L/C trả chậm","Cà UPAS L/C ưà ngay vã trà chậm","Không dược áp dụng phi chấp nhận thanh toán với UPAS L/C","2"
"117","Chi nhánh TTQT trực tiếp phải gửi Đề nghị thanh toán UPAS L/C trước hạn ít nhất bao nhiêu ngày lảm việc trước ngảy dự kiến thanh toán ?","1 ngày","3 ngày","5 ngày","10 ngày","3"
"118","Khi khai bảo thông tin tải ượ đối với UPAS L/C tại màn hỉnh Import Refinanced L/C, trường Refinanced Charges cần nhập thông tin gỉ?","Tỉ lộ phí tài trợ","Sổ tièn dược tài ượ","Sổ ngày tài trợ","Số tiền thuế nhà thầu","1"
"119","Chức năng cập nhật thông tín dược tài ượ tại màn hĩnh Import Refinanced L/C đổi với UPAS L/C cho phép chỉnh sữa những thông tin gì?","Ngày tàỉ ượ, Ngày đến hạn","SỐ tiền tài trợ, Ti lệ phi tài trợ, số ngày tài ượ","Ngân hàng tài ượ, Ngân hàng cùa người hường","Tất câ đáp án ưẽn dều đúng","4"
"120","Đổi với UPAS UC, thởi hạn tài trợ là khoảng thôi gian dược tinh từ khi nào?","Ngày Agribank gửi chấp nhận thanh toán cho Nguôi hưởng lợi/Ngân hàng của Người hưỏng lợi đến ngày dáo hạn.","Ngày Agribank gửi điện dề nghị tải trợ cho Ngân hàng tài ượ dến ngày dáo hạn.","Ngây Agribank nhận được diện xác nhận tâi trợ của Ngân hãng tài trợ dến ngày đáo hạn.","Ngày ngân hàng tải ượ thực hiện thanh toán cho Người hưởng lợi/Ngân hàng cùa Người hưởng lợi đến ngày đáo hạn.","4"
"121","Trong nghiệp vụ UPAS L/C, biên dộ tối thiểu áp dụng đổi với khách hàng không thuộc nhóm khách hàng VIP hoặc chưa được xếp hạng là bao nhiêu?","1%","0.80%","0.90%","Cao hơn mức 1%","4"
"122","Điều kiện về hợp đồng nào sau đây dứng đối với việc phát hành UPAS L/C?","Chì áp dụng tài ượ đối với các giao dịch theo Hợp đồng xuất nhập khẩu/mua bán hàng hỏa, không áp dụng với hợp đồng dịch vụ, chuyển giao công nghệ.","Chi áp dụng tài trợ dối vói các giao djch theo Hợp dồng xuẩt nhập khẩu/mua bán hàng hóa và họp dồng dịch vụ.","Chì áp dụng tài trợ đổi với các giao djch theo họp dồng dịch vụ.","Chỉ áp dụng tài ượ đối với các giao dịch theo hợp dồng chuyển giao công nghệ.","1"
"123","Quy dinh nào dũng về Biên dộ tải thiều cùa Agribank đổi với UPAS L/C?","Theo quy dịnh của Tổng Giám đốc từng thời kỳ.","Theo quy định cùa Hội đồng thành viên từng thời kỳ.","Do Giám dổc Chi nhánh xem xét và quyết dịnh.","","1"
"124","Thởi điểm nào chi nhánh ITQT trực tiếp thực hiện rà soát, dối chiếu, kê khai và chuyển tiền thuế nhả thầu nước ngoải phát sinh ưong tháng gửi về Trụ sở chính (qua Ban TCKT) dối với UPAS L/C đề tống hợp ?","Chậm nhất vào ngày 05 của tháng sau tháng phát sinh nghĩa vụ thuế","Chậm nhẩt vảo ngây 03 cùa tháng sau tháng phát sinh nghĩa vụ thuế","Chậm nhất vảo ngày 10 cũa tháng sau tháng phát sinh nghĩa vụ thuế","Chậm nhất vào ngày 07 của tháng sau tháng phát sinh nghĩa vụ thuế","1"
"125","Phí chấp nhận thanh toán L/C được áp dụng với loại UPAS L/C nào sau đây?","UPAS L/C trà ngay","UPAS L/C ưả chậm","Đáp án 1 và 2 đều dung.","Đáp án 1 và 2 đều sai.","2"
"126","Điều kiện thực hiện khai báo Thông tin được lài trợ tại màn hình Import Refinanced uc dổi với UPAS L/C là gi?","Agribank nhận bộ chứng từ từ ngân hảng xuẩt trình","Bộ chứng từ đã dược thực hiện giao dịch chap nhận thanh toán","05 ngày làm viộc trước ngảy thanh toán UPAS L/C","03 ngây lảm việc trước ngày thanh toán UPAS L/C","2"
"127","Đen hạn thanh toán UPAS L/C của Chi nhánh TTQT tập trung, khách hàng chưa dủ nguồn thanh toán, Trung tâm TTTM thực hiện nhiệm vụ gì?","Thanh toán cho ngân hàng tài trợ dứng hạn.","Hạch toán ghi nợ Chi nhánh TTQT tập trung qua tài khoản diều chuyển vốn nội bộ.","Đáp án 1 và 2 dều đúng.","Đáp án 1 vả 2 đều sai.","3"
"128","Chi nhánh TTQT trực tiếp gửi văn bản xác nhận việc sữ dụng djch vụ UPAS L/C về Trung tâm TTTM khi nào?","Trước khi phát hành, sủa đổi UPAS L/C.","Sau khi phát hảnh, sửa đổi UPAS L/C.","Trước khi Trung tâm TTTM liên hộ Ngân hàng tải trợ","Sau khi Trung tâm TTTM liên hộ Ngân hảng tài ượ","1"
"129","Chi nhánh TTQT trực tiếp yêu cầu khách hảng nộp dù số tiền côn thiểu khi nào dối với nghiệp vụ UPAS L/C?","01 ngày lâm việc trước ngây dáo hạn.","ít nhất 01 ngày làm việc trước ngày dáo hạn.","03 ngày làm việc trước ngày dáo hạn.","ít nhất 03 ngày lâm việc trước ngày dáo hạn.","2"
"130","Agribank chấp nhận hùy UPAS L/C nhập khấu do Agribank phát hành trong trường hợp nào?","Không dược phép húy UPAS L/C nhập khẩu","Các bên liên quan (ngân hăng phát hành, người hưởng lợi, ngân hàng tải trợ) dồng ý hủy L/C","Cảc bên liên quan (ngân hảng phát hành, người hường lợi, ngân hàng xác nhận - nếu có) dồng ý hủy L/C","Bên mua và bên bản dã dồng ý hủy L/C","3"
"131","Ngân hàng tài ượ nào không thuộc đổi tượng khẩu trừ thúc nhà thầu nước ngoài dổi với dịch vụ UPAS L/C ?","Bank of Communication, Chi nhánh Hồ Chi Minh","Wells Fargo, Mỹ","DBS, Singapore","Standard Chartered Bank, Singapore Branch","1"
"132","Trách nhiệm cùa Phòng Khách hàng tại Chi nhánh TTQT tập trung đối với trường hợp Khách hảng ký quỹ dưới 100% trị giá ƯPAS L/C lả gì?","Bám sát tiến dộ sân xuất, bán hàng và theo dõi luân chuyển dòng tiền cùa Khách hàng theo từng dơn hàng, đâm bão 100% dòng tiền thu chuyển về tài khoản của Khách hàng tại Agribank","Quân lý chặt chẽ kho hàng, nguồn hàng cũng như giám sát tài săn dăm bào nhằm thực hiện dủ, kịp thời nghĩa vụ thanh toản khi dển hạn UPAS ƯC","Đám bào sử dụng hạn mức UPAS L/C đúng dối tượng, mục dích theo quy dịnh của pháp luật, NHNN và Agribank","Tất cả đáp án trên","4"
"133","Dựa trên điều khoán tại trường 47 cùa các L/C sau đây, đâu là UPAS L/C ưả chậm?","Despite the tenor as stated in the credit, Beneficiary will be paid at sight by the JP Morgan Chase bank- Singapore branch following receipt of the relevant advice of acceptance from the issuing bank.","Despite the tenor of the draft at 180 days after shipment date, this credit is payable at sight after sight for the Beneficiary.","Despite the tenor as stated in this letter of credit (at 240 days after B/L date), Beneficiary or the nominated bank will be paid at sight by the reimbursing bank through a special arrangement with the issuing bank, following receipt by the reimbursing bank of the relevant advice of acceptance from the issuing bank.","Despite the tenor of the draft at 90 days after B/L date, this credit is payable at 30 days after sight for the Beneficiary,","4"
"134","Loại hàng hóa nào không đáp ứng diều kiện phát hành UPAS L/C?","Điện tử, máy tính và linh kiộn","Vũ kill, dạn dược, vật liệu nổ (trừ vật liệu nổ công nghiệp), ưang thiết bị kỹ thuật quân sư","Mặt hàng dệt may","Phương tiện vận tài và phụ tùng","2"
"135","Agribank có thực hiện nghiệp vụ xác nhận vả/hoặc thông báo kèm diều khoản đề nghị Agribank xác nhận dổi với thư bào lãnh qua hệ thống SWIFT không?","Cỏ","Không","Tùy theo nội dung tại thư bão lãnh","","1"
"136","Quy dịnli nào sau dây vè quản lỷ ngoại hối trong bão lãnh ngân hảng là đúng?","Việc phát hành bào lãnh bằng ngoại tệ phải phủ hợp vứi phạm vi hoạt dộng ngoại hổi cúa Agribank trên thị trưởng trong nưửc và thị trưởng quốc tế","Agribank chi thực hiện bào lãnh bằng ngoại tệ cho khách hàng dối với nghĩa vụ tài chính hợp pháp bằng ngoại tệ theo quy djnh của pháp luật","Cà 2 đáp án (1) và (2) đều dũng","","3"
"137","Ngày nào là ngày hét hạn hiệu lực trong trường hợp thư báo lãnh quy dinh cả ngày hết hạn hiệu lực (expiry date) và sự kiện hết hạn hiệu lực (expiry event)?","ngây hết hạn hiệu lực (expiry date)","ngày xây ra sự kiên het hạn hiệu lực (expiry event)","là ngày hoặc sự kiện xảy ra trưởc","","3"
"138","Trưởng hợp tiếp nhận Thư bào lãnh đổi ửng/đề nghị xác nhận bào lãnh bằng đường thư, Phòng/BỘ phận nghiệp vụ tại Chi nhánh thực hiện nhiệm vụ nào?","Ký, ghi cụ thể thời gian nhận","Gửi Trung tâm TTTM kiếm tra tỉnh xác thực của thư bào lãnh dối ửng/dề nghị xác nhận bão |lãnh","Kiểm tra tính xác thực của thư bâo lãnh dổi ửng/đề nghi xác nhận báo lãnh","Cả 2 đáp án (1) vâ (2) dều đúng","4"
"139","Hồ sơ đề ngliị phát hành bảo lãnh trên cơ sỡ bảo lãnh đối úng gồm những chứng từ nào?","Thư bào lãnh dối ứng (bân gốc ỉà băn có chữ ký trực tiếp, dóng dấu dỏ hoặc diộn SWIFT xác thực)","Tài liệu về bên bảo lãnh dối ứng vâ tài liệu về nghĩa vụ dược báo lãnh (nếu có)","Các tài liệu liên quan khác (nếu cỏ)","Tất cã đáp án trên","4"
"140","Đơn vị nào thực hiện hạch toán, phát hành bảo lãnh trên cơ sử báo lãnh đổi ứng theo nội dung thư băo lãnh dã được cấp cỏ thầm quyền phê duyệt?","Chi nhánh nơi có khách hàng lả bên nhận bào lãnh","Trung tâm TTTM","Ban ĐCTC","Đan Thẩm định và phê duyệt tín dụng","2"
"141","Điều kiện về giới hạn tài ượ thương mại là gi?","Bẽn bào lãnh đối ửng/bên bào lãnh dược Agribank cấp giới hạn tài trợ thương mại","Số dư khă dụng của giới hạn tài trợ thương mại lớn hon hoặc bằng số tiền khách hàng TCTD đề nghị Agribank phát hành Thư bào lãnh trên cơ sở bào lãnh đối ứng/xác nhận bâo lãnh","Thời hạn giới hạn tải ượ thương mại cỏn hiệu lực","Tất cả đáp án trên","4"
"142","Quy djnh nào đúng về số dư khã dụng của giới hạn tài ượ thương mại ?","lởn hơn hoặc bằng số tiền khách hảng TCTD dè nghị Agribank phát hành Thư bão lãnh ưên Cữ sờ bào lãnh dối ứng/xác nhận bào lãnh.","nhò hơn số tiền khách hàng TCTD dề nghị Agribank phát hành Thư bào lãnh trên cơ sờ bão lãnh dối ứng/xác nhận bào lãnh.","nhỏ hơn hoặc bàng sổ liền khách hảng TCTD dề nghị Agribank phát hành Thư bảo lãnh trên cơ sỡ bào lãnh dồi ửng/xác nhận bào lãnh.","","1"
"143","Thời hạn cam két hoàn trà cùa bên bão lãnh dổi với Agribank phâi dài hơn thời hạn hiệu lực cùa xác nhận bẵo lãnh tối thiều bao nhiêu ngày?","15 ngày","10 ngày","5 ngày","7 ngày","1"
"144","Số tiền mà Agribank xác nhận bào lãnh không dược lớn hơn số tiền mà bên bão lãnh dể nghị Agribank xác nhận, dứng hay sai?","Đủng","Sai","","","1"
"145","Khi tiếp nhận bão lãnh dối ứng, hồ sơ chi nhánh chuyển tiếp đến Trung tâm TTTM gồm chứng tử não?","Thư/diện SWIFT thư bảo lãnh đối ứng","thông tin về bên nhận bão lãnh; tài liệu, hồ sơ có liên quan đến khoản bão lãnh (nếu cỏ);","Cà đáp án (1) và (2) đều sai","Cã 2 đáp án (1) và (2) dều dúng","4"
"146","Đon vj nào chịu trách nhiệm kiểm tra, dánh giá nội dung, các diều khoăn, diều kiện thư bào lãnh đối ứng/văn bàn đề nghị xác nhận bão lãnh ?","Trung tâm TTTM","Chì nhánh","Ban ĐCTC","","1"
"147","Theo quy định thanh toán biên giới Việt Nam - Trung Quổc tại Agribank, khi khách hàng có nhu cầu thanh toán xuất nhập khầu bẳng đồng CNY thi có tile thực hiện tại Chi nhảnh nào?","Tat cà các Chi nhảnh của Agribank","Chi Chi nhảnh Thanh toán biên giởi","Chỉ Chi nhánh Đầu mối","Chi nhánh ủy thác","1"
"148","Theo quy djnh thanh toán biên giởi Việt Nam - Trung Quổc tại Agribank, quy định nào sau dây lã dúng?","Chi nhánh Đầu mổi thực hiện mua, bán dồng CNY vái ngân hàng đối tác","Chi nhánh biên giởi thực hiện mua, bán đồng CNY với ngân hàng dối tảc","Chi nhánh Đầu mối thực hiện mua, bán dồng CNY với Chi nhánh ủy tliảc thi phải ký Hợp đồng ùy thác TTBG với nhau.","Đồng tiền thanh toán ưong hoạt dộng mua bán, ttao dổi hàng hóa, dich vụ qua biên giới Việt Nam -Trung Quốc cùa thương nhân chi bao gồm ngoại tệ tự do chuyển dồi hoặc CNY.","1"
"149","Dịch vụ thanh toán biên giới Việt Nam -Trung Quốc mà Agribank đang cung cấp là nhũng dịch vụ nào dưới dây?","Dich vụ mờ tài khoản thanh toán bàng VND và dồng CNY","Dịch vụ thanh toán xuất, nhập khẩu hàng hóa và dịch vụ qua biên giới giữa thương nhân Việt Nam với thương nhân Trung Quốc","Dịch vụ xác nhận số tiền CNY nộp vào tài khoản của khách hàng là thương nhân Việt Nam","Tất cả đáp án hên đều dúng","4"
"150","Nguyên tấc nào sau dây trong giao dịch thanh toán biên giới là KHÔNG đúng?","Chi nhánh dầu mối thực hiện giao dịch thanh toán biên giới cho khách hàng Việt Nam và nước ngoài tại Chi nhánh đầu mối.","Đối với trường hợp ủy thác thanh toán hàng nhập khẩu bằng đồng CNY, ngân hàng ủy thác thanh toán bằng CNY cho Chi nhánh dầu mối.","Trường hợp chuyển tiền di, Chi nhánh đầu mối hưởng 40% phí dịch vụ.","Trường hợp chuyển tiền den, Chi nhánh ủy thác dược hường 100% phỉ dịch vụ.","2"
"151","Hãy cho biểt dịnh nghĩa của ""Chi nhánh loại I của Agribank dặt tại vùng biên giới, khu kinh tế cửa khẩu Việt Nam - Trung Quốc dược phốp hoạt dộng cung ứng dịch vụ thanh toán biên giới"" là gì?","Chi nhánh dầu mối","Chi nhánh ũy thác","Chi nhánh biên giới","Chi nhánh nhận ủy thác","3"
"152","Hãy cho biết định nghĩa cùa ""Chợ biên giới"" tạỉ Quy định về thanh toán biên giới Việt Nam - Trung Quốc trong hệ thống Agribank?","chợ hoặc khu, diem chợ biên giới, chợ cùa khẩu và chợ trong khu kinh té cửa khẩu nẳm ưên dịa bản xã, phường, tliị ưẩn hoặc khu vực hành chính tương dương có một phần dja giới hành chỉnh trùng với biên giời quốc gia trên dất liền, dồng thời cỏ hoạt dộng xuất khẩu, nhập kháu, mua bán, trao đồi hàng hóa cùa thương nhân và cư dân biên giới.","chợ hoặc khu, điểm chợ biên giới, chợ cửa khẩu và chợ ưong khu kinh tế cửa kltầu nằm trẽn dịa bàn xã, phường, thị trấn hoặc khu vực hành chinh tương dương có một phần địa giới hành chính trùng với biên giới quốc gia trên dất lièn và trên biển, dồng thời có hoạt dộng xuất khẩu, nhập kháu, mua bán, ưao dổi hàng hỏa của thương nhân và cư dân biên giới.","khu, diem, chợ nâm trong các cụm công nghiệp tập trung nằm trên dịa bàn các tinh biên giới, dồng thời có hoạt động xuất khẩu, nhập khẩu, mua bán, ưao dổi hàng hóa của thương nhân vả cư dân biên giới.","chợ hoặc khu, diem chợ, chợ ưong các khu kinh te cửa khẩu nằm trên địa bàn các tỉnh biên gĩởi, dồng thời có hoạt dộng xuẩt khẩu, nhập khẩu, mua bán, trao dổi hàng hóa của thương nhân và cư dân biên giới.","1"
"153","Đe triển khai thanh toán biên giới trực tiếp, Chi nhánh loại I phái đáp ứng những diều kiện nào sau đây?","Cỏ Hội sở đặt tại vùng biên giới, khu kinh tế cửa khầu hoặc có chi nhành loại II trực thuộc tại vùng biên giới, khu kinh tế cửa khẩu.","Có nhân sự, cơ sớ vật chất, công nghệ phù hợp dể tricn khai cung ứng dịch vụ thanh toán biên giới","Cỏ dổi tác phủ hợp dể hợp tác cung cẩp dịch vụ thanh toán biên giới","Tầt cả đáp án trên","4"
"154","Khách hàng Việt Nam là thương nhân cỏ hoạt dộng kinh doanh tại chợ biên giới dược sừ dụng tài khoãn thanh toán bằng dồng CNY tại Chi nhánh đầu mối dẻ thực hiện các giao dich nào dưới dây?","Thu CNY chuyền khoản tử viộc bán hàng hốa vả dịch vụ tại chợ biên giới","Thu CNY chuyền khoản từ phần chênh lệch trong giao djch bủ trử hàng hóa, dịch vụ xuất kliầu với hàng hóa, dịch vụ nhập kháu.","Chỉ bán CNY cho Chi nhánh dầu mối","Cá 2 đáp án (1) và (3) dều dũng","4"
"155","Đjnh nghĩa Thỏa thuận chi tiết trong hoạt dộng thanh toán thương mại biên giới Việt -Trung của Agribank là gi?","là các Thỏa thuận hợp tác chung cấp chi nhảnh về hoạt dộng TTBG bao gồm các nội dung: mở tải khoán, phương thức thanh toán, quàn lý tài khoán, xuất nhập khẩu tiền mặt đồng VND và CNY","là các Thỏa thuận hợp tác do Trụ sờ chính ký kết hợp tác TTBG cấp Trung ương với Ngân hàng dối tác","là các thỏa thuận hợp tác giữa chi nhánh dầu mổi và chi nhánh ủy thác ưong việc thực hiộn hớptácTTBG","là Thỏa thuận hợp tác Intemetbankỉng với ngân hàng đối tác","1"
"156","Cho biết quy định về tỷ lệ chia sê phí dịch vụ thanh toán thuơng mại biên giới (TTBG) với ngân hàng dổi tác Trung Quốc?","Chi nhánh biên giới chia sẽ phí dịch vụ TTBG với ngân hàng dối tác Trung Quốc theo tỷ lệ chia sè phỉ theo biếu phí dịch vụ do Tổng Giảm dốc Agribank ban hành.","Tỷ lệ chia sê phí giữa Chi nhảnh biên giới và ngân hảng đối tảc là : Chi nhánh hường 40% và ngân hàng dối tác hưởng 60%","Theo thỏa thuận giữa từng Chi nhánh biên giởi và NH đổi tác Trung Quốc","Tỳ lộ chia sẽ phí giữa Chi nhánh biÊn giới và ngân hàng đối tác là: Chi nhánh hưởng 60% và ngân hàng đổi tác hưởng 40%","3"
"157","Cho biết ngân hàng đối tác của nước nào dang sử dụng hộ thống thanh toán biên giới CBPS của Agribank?","Lào","Trung Quốc và Lào","Trung Quốc và Campuchía","Trung Quốc, Lào vã Campuchia","1"
"158","Hoạt động thanh toán thương mại biên giới thục hiện bằng phương thửc nào?","Thanh toán qua Ngân hàng","Thanh toán bảng tiền mặt","Thanh toán bù trừ giữa hàng hỏa, dịch vụ xuất khẩu với hàng hóa, dịch vụ nhập khẩu (phần chênh lệch thanh toán qua Ngân hàng)","Tất cả đáp án trên dều dúng","4"
"159","Cho biểt đơn vị thực hiện ký kết Biên bản ghi nhớ, Thỏa thuận hợp tác Thanh toán biên giới cấp trung ương với Ngân hàng dổi tác là đơn vị nào tại Agribank?","Trụ sở chính","Chi nhánh biên giới","Chi nhánh dầu mối","Chi nhánh ùy thác","1"
"160","Theo Incoterms 2010, dối với giá CIF, tại thời điểm nào rủi ro dược chuyền giao từ người bán sang người mua?","Tại dịa diem của người bán, sãn sàng vận chuyển lên xe.","Khi hàng hỏa dược giao cho người vận chuyền tại cảng giao hảng.","Trên mạn tàu tại câng giao hàng.","Trên mạn tâu tại câng dỡ hàng.","3"
"161","Theo Incoterms 2010, các diều kiện giao hàng nào sau dây mà người bản có nghĩa vụ mua bão hiềm cho hàng hóa?","FOB, CFR, FCA, CPT","CIF, CIP","CIF, CIP, DAP, DAT, DDP","CPT, CIF, CIP, DDP","2"
"162","Theo Incoterms 2010, đối với giá EXW, ai là người phài chịu tẩt cã các chi phí vận chuyển, time, và làm các thù tục hãi quan xuất khấu?","Người vận chuyển.","Người bán.","Người mua.","Tẩt cà các bên dều cỏ trách nhiệm như nhau.","3"
"163","Theo Incoterms 2010, dối với giá DDP, bên nào cỏ trách nhíộm mua bào hiểm hàng hóa?","Người bán.","Người mua.","Không bÊn nào cỏ trách nhiộm mua bào hiểm.","Người bán hoặc người mua.","3"
"164","Theo Incoterms 2010, đổi với giả CIF, giả trị bào hiếm tối thiều dược tính như thế nào?","theo giâ quy định tại hợp đồng.","theo giá quy dịnh tại họp dồng cộng thêm 110%.","theo giả quy định tại hợp đồng cộng thêm 10%.","theo giá quy đinh tại hợp dồng cộng thêm 100%.","3"
"165","Theo Incoterms 2010, dối với giá FOB và CIF, ben nào chju trách nhiệm trá phí vận chuyền?","FOB - người mua/ C1F -người bán.","FOB - người mua / CIF “ người mua.","FOB - người bán / CIF -người mua.","FOB-người bán/CIF-ngưởi băn.","1"
"166","Theo ƯCP 600, dổi với giả FOB, vận đơn dường biền phải thể hiện nội dung nào sau dây?","""Shipped on board and freight paid""","""Received for shipment and freight paid"".","""Shipped on board and freight payable at destination"".","""Received for shipment and freight payable at destination"".","3"
"167","Giá ""CIF"" trong Incoterms 2010 là viết tắt của tù nào?","""Carriage, insurance and freight""?","""Cost, insurance and freight"".","""Cost including freight"".","""Charges, insurance and freight"".","2"
"168","Chọn tử chỉnh xác nhất đe hoàn thành câu sau: ""Đối với giẳ EXW, ưâch nhiệm ít nhất thuộc về.....""","Người mua.","Người bán.","Người vận chuyển.","Ngân hàng phát hành.","2"
"169","Điều kiện thương mại quốc tế Incoterms 2020 dược sử dụng cho mục dich nào sau dây?","Xác dinh câng hoặc địa diểm mã quyền sỡ hữu hàng hóa dược chuyển giao từ người bán sang người mua.","Xác đinh câng hoặc địa diềm mà ngưởỉ bán hoàn thành ưách nhiệm giao hăng.","Xác định càng hoặc địa diểm hàng hóa phài hoàn thành thú tục hài quan","Xác dịnh càng hoặc dia diễm mả người mua phải thanh toán.","2"
"170","Trong Incoterms 2020, diều kiộn CPT là viết tẳt cho cụm từ nào?","Carriage and Insurance paid to","Carriage paid to","Ex works","Delivered at Terminal","2"
"171","Trong Incoterms 2020, diều kiộn DAT là viết tẳt cho cụm từ nào?","Carriage and Insurance paid to","Carriage paid to","Ex works","Delivered at Terminal","4"
"172","Theo diều kiện CIP (Incoterms 2020), người bán phải mua bào hiểm vởi mức tương đương Điều khoăn bào hiềm hàng hóa nào?","Điều khoản bào hiềm hàng hóa A","Điều khoán bào hiểm hàng hóa B","Điều khoán bảo hiểm hàng hỏa c","Tất cả đáp án trên","1"
"173","Trong Incoterms 2020, điều kiện CIP là viết tắt cho cụm từ nào?","Carriage and Insurance paid to","Cost, Freight","Cost","","1"
"174","Trong Incoterms 2020, diều kiện EXW là viết tắt cho cụm từ nào?","Ex works","Cost, Insurance and Freight","Carriage and Insurance paid to","","1"
"175","Hoàn thành nhận định sau dây: ""Ngân hàng phát hành cỏ trách nhiệm thanh toán không hủy ngang kề từ khi","Ngân hảng phát hành phát hành thư tin dụng.","Ngân hàng phát hành chấp nhận thanh toán thư tín dụng.","Bộ chủng từ dược xuất trinh den ngân hàng.","","1"
"176","For which type of availability, payment will be made with recourse since L/C is 1 unconfirmed?","by payment","by acceptance","by deffered payment","by negotiation","4"
"177","Bill of Lading phải chi rõ tên của người chuyên chớ và dược ký bời ai?","Người chuyên chở","Thuyền trường hoặc dại lý đích danh cửa hoặc thay mặt cho thuyền trường","Đại lý đích danh cùa hoặc thay mặt người chuyên chở","Người chuyên chờ hoặc Thuyền trương hoặc đại lý đích danh của hoặc thay mặt cho thuyền trưởng hoặc Đại lỷ đích danh của hoặc thay mặt người chuyên chờ","4"
"178","Câu nào sau dây dũng với Charter Party Bill of Lading?","Ngân hàng sẽ không kiểm tra các hợp dồng thuê tàu ngay cả khi cảc hợp đồng thuê tàu dược yêu cầu xuất trinh theo các điều khoân của ƯC.","Ngân hàng sẽ kiềm tra và bat lỗi nếu các hợp đồng thuê tàu không dược yêu cầu xuất trinh theo các điều khoản cùa L/C.","Ngân hàng sẽ phái kiềm tra các họp dồng thuê tàu nếu các họp dồng thuê tâu dược yêu cầu xuất trinh theo các diều khoản cùa L/C.","L/C phải quy định yêu cầu xuất trình các hợp đồng thuê tàu.","1"
"179","Neu chửng tử bào hiếm ghi rõ là dã dược phát hành nhiều hơn một bàn gốc, thỉ phải xuầt trinh bao nhiêu bân?","Xuất trình sổ bân gốc theo diều kiện của L/C","Tất cả các bân gốc phài được xuất trình","Xuất trình 01 bàn gốc","Xuất trình 01 bản gốc và 01 bàn sao","2"
"180","Neu L/C yêu cầu bão hiểm ""All risks"" thì chủng từ bâo hiểm phải dám bào điều kiện nào sau đây?","Chứng từ bảo hiểm xuất trình phải cỏ tiêu dề ""All risks"".","Chứng tử bảo hiểm xuất trinh phải có tiêu dề vả cỏ diều khoăn ""All risks"".","Chứng tử báo hiểm xuất trình có diều khoân hoặc cỏ ghi chú ""All risks"" dù cho có hay không cỏ ghi tiêu dề ""All risks"" till vẫn được chấp nhận.","Chửng từ bão hiểm xuất ưỉnh phài có tiêu dề và cỏ điều khoản ""All risks"" hoặc ghi chú ""All risks"".","3"
"181","Câu nào sau dây là dùng?","Trong các chứng từ, việc mô tà hàng hóa, các dịch vụ hoặc thực hiện, nếu quy dịnh, phải mô tà một cách chi tiết, phù hợp với mô tả hàng hôa trong L/C","Trong các chứng từ, việc mô tả hàng hóa, các dịch vụ hoặc thực hiện, nểu quy dịnh, cỏ thể mô tâ một cách chung chung, miễn là không mâu thuẫn với mõ tâ hàng hỏa trong L/C","Trong các chứng từ, trừ hóa đơn thương mại, việc mô tả hàng hỏa, các dịch vụ hoặc thực hiện, néu quy dịnh, cỏ thể mô tâ một cách chung chung, miễn là không mâu thuẫn vởi mô tã hàng hóa trong L/C","","3"
"182","UCP 600 quy dịnh về ngảy cùa các chứng từ xuẩt trinh như thế nào?","Có thể ghi trước ngày phát hành L/C nhưng không dược ghi sau ngày xuất trình chứng từ","Bẳt buộc phải ghi ngày sau ngày phát hành L/C","Củ thể sau ngày xuất ưình chửng từ","","1"
"183","Câu nào sau dây là sai?","Người giao hàng hoặc người gửi hàng ghi ưên bất cử chứng từ nào không nhất thiết là người thụ hường cửa L/C","Một chửng từ xuất trình nhưng uc không yêu cầu thỉ ngân hàng vẫn kiểm ưa chứng từ dó","Nếu L/C cỏ một diều kiện mà không quy dịnh chứng từ phài phù họp với diều kiện đỏ thỉ các ngân hàng sẽ coi diều kiện như thế là không cỏ và không xem xét đến diều kiện dó","Một chứng từ cỏ thế ghi ngày tnrởc ngày phát hành thư tín dụng, nhưng không dược ghi sau ngày xuất ưình chứng từ","2"
"184","Câu nào sau dây không đúng khi việc xuất trình chửng từ dược xác định là phủ hợp?","Khi một ngân hàng phát hành quyết định việc xuất trình lã phù hợp, tin ngân hàng phải thanh toán","Khi một ngân hãng xác nhặn quyềt dinh việc xuất ưinh chứng từ là phù hợp, thi ngân hàng phái thanh toán hoặc chiết khấu và chuyên giao các chứng từ tới ngân hàng phát hành","Khi một ngân hàng chỉ định quyết dinh việc xuẩt ưỉnh là phù hợp và thanh toán hoặc chiết khẩu tin ngân hăng phải chuyển giao các chứng từ đến ngân hàng xác nhận hoặc ngân hàng phát hành","Khỉ một ngân hàng phát hành quyết dinh việc xuất trinh là phù hợp, thỉ ngân hảng có thể xem xét việc thanh toán","4"
"185","Theo UCP 600, nội dung nào dưới dây mô tà chính xác nhất về ""negotiation""?","Là việc kiểm tra chứng từ cùa ngân hăng dược chi dinh vâ người thụ hưởng yêu cầu hoàn trà trước khi nhận dược thanh toán.","Là sự xác dịnh giá tri hổi phiếu vả/ hoặc bộ chứng từ cùa ngân hàng dược chì dịnh.","Là việc mua lại hổi phiếu vả/ hoặc bộ chứng tử cùa ngân hàng dược chi dinh.","Lả vice gửi bộ chứng từ thanh toán của ngân hàng được chỉ dịnli đến ngân hàng phát hành.","3"
"186","Một thư tín dụng hết hạn xuắt trình tại ngân hàng phát hành và yêu cầu hổi phiếu có thời hạn thanh toán ưong tương lai thi nội dung trưởng 31D là ""available with...""?","acceptance","deferred payment","negotiation","sight payment","1"
"187","Nhận dịnh nào dưới dây là dúng VC ’a clean credit'?","A clean credit docs not require any documents other than a draft or demand for payment.","A clean credit ensures die issuing bank maintains conưol of the goods.","A clean credit is only referred to as a direct-pay standby.","A clean credit must contain an inoperative clause.","1"
"188","Thư tín dụng mô tâ sổ lượng hàng hóa là ""5,000 cases of widgets"" mà không có nội dung nào khác liên quan, thi dung sai tổi da cho phép lả bao nhiêu?","0","0.03","0.05","0.1","1"
"189","Xuất trình phù hợp là việc xuất trình tuân thù:","Điều kiện và diều khoản của thư tín dụng","Các diều khoản dược ãp dụng cùa UCP","Tập quán ngân hàng tiêu chuẩn quốc tế ISBP.","Tầt cả đáp án trên","4"
"190","Trong phương thức uc, những chứng từ não phải dược xuất trinh cho ngân hàng phát hành đế thanh toán?","Bill of Exchange","Bill of Lading","Invoice","Tùy thuộc vào L/C yêu cầu nhũng chứng từ nào phải xuất trình","4"
"191","Các chứng tử nào sau dây bẳt buộc phài ghi ngày tháng cho dù L/C không quy định?","Invoice; Bill of Lading; Bill of Exchange.","Invoice; Bill of Lading; Insurance Policy","Bill of Exchange; Bill of Lading; Insurance Policy","Bill of Lading; Insurance Policy; Certificate of Origin","3"
"192","Trong phương thức thanh toán bằng thư tín dụng (L/C) ngân hàng giao dịch dựa vào yếu tổ nào?","Bộ chửng tử xuất trinh","Chất lượng, quy cách, phẩm chất, các vấn dề liên quan dến hàng hoá, dịch vụ","Khã năng dianh toán của khách hàng (Bên mỡ L/C)","Thỏa tiiuận giữa bên mua vái bên bản","1"
"193","L/C quy định phí thông báo là do người thụ hường chịu. Trường hợp Ngân hàng thông báo không thu dược phí từ người thụ hưởng, ngân hàng thông báo sẽ dòi phí từ ai?","Người thụ hưởng","Ngân hàng phát hành","Người mở/ Người phát hành","Ngân hàng chiết khấu","2"
"194","Thư tin dụng là gỉ?","Cam kết trả tiền cũa người nhập khẩu dối với người xuất khẩu","Cam kết trả tiền cùa ngân hảng phát hành đoi vởi người thụ hường","Cam kết thanh toán cùa ngân hàng phát hành cho một xuất trinh phù hợp","","3"
"195","Nếu ngân hăng phát hành quyết định xuắt trình là không phù hợp và từ chối thanh toán thi:","Phải gửi thông báo về việc từ chối thanh toán cho Người xuất ưĩnh","Thông báo phải nêu rõ ngân hàng đang từ chổi thanh toán, các sai biệt mà ngân hàng từ chối thanh toán và bành động cùa ngân hàng.","Thông báo phải gửi không muộn hơn ngày lảm việc ngân hàng thứ 5 tử ngày tiép theo ngày xuất trinh.","Tất cả đáp án ưên","4"
"196","Khí quyết định thông bảo L/C, Ngân hàng thông báo chịu trách nhiệm nào sau dây?","Kiểm ưa tính xác thực của thư tin dụng trước khi thông bảo;","Thõng báo chinh xác các diều kiện vả điều khoân cùa thư tin đụng.","Thông báo cho ngân hàng mà từ đỏ nõ dã nhận dược thư tin dụng, răng thư tín dụng dã dược thông báo","Đáp án (1) và (2)","4"
"197","Neu một ngân hàng được yêu cầu xác nhận L/C nhưng từ chối xác nhận thi phải làm gì?","Thông báo không chậm ưễ cho Ngân hàng phát hành","Có thề thông báo thư tín dụng mà không kèm xác nhận","Tiếp tục thông bão thư tín dụng mà không kèm xác nhận, không cần thông báo cho Ngân hàng phát hành","Đáp án (1) và (2)","4"
"198","Một L/C yêu cầu xuất trình Giấy chứng nhận chất lượng được phát hành bời một bên kiểm tra độc lập (independent) và cỏ uy tín (well known), chứng từ này có thề dược phát hành bởi bất cứ ai, trừ dổi tượng nào?","Người thụ hưởng","Công ty kiềm định chẩt lượng","Nhà sàn xuất","Người vận chuyển","1"
"199","Một L/C yêu cầu “Commercial Invoice in 4 copies”, người thụ hưởng phải xuất trình bao nhiêu bân?","4 bàn gồc hỏa đơn","ít nhất 1 bàn gốc và 3 bân sao","4 bàn sao hóa dơn","2 bàn gổc số còn lại là bân sao","2"
"200","Một Ngân hàng dã xác nhận L/C thì có được phép từ chổi xác nhận sửa dải L/C không?","Được phép","Không được phép","Được phép, nhưng phải thông báo không chậm trề cho Ngân hàng phát hành vả người thụ hường ưong thông bảo sửa dồi của mình","","3"
"201","Các chứng từ nào sau đây không bắt buộc phái kỷ?","Non-negotiable seaway bill","Certificate of origin","Commercial invoice","Insurance policy","3"
"202","L/C yêu cẩu c/o do người thụ hưởng cấp, C/O xuẩt trình do Phòng thương mại cấp, Ngân hàng sẽ chấp nhận hay không?","Chẩp nhận","Không chấp nhận","Chấp nhận nếu c/o chi ra tên người thụ hưởng","","3"
"203","Trong sổ những chứng tử bâo hiểm sau, chứng từ bảo hiếm nào dược chắp nhận theo UCP?","Insurance policy and Cover note","Insurance Certificate and Insurance Policy","Cover note and Insurance Certificate","Insurance Certificate and Insurance Policy, Declaration under an open cover","4"
"204","Sửa đồi L/C được Người thụ hưởng chấp nhận kill nào?","Người hướng lợi có thông báo chấp nhận sữa dồi.","Người hường lợi không cỏ Thông báo chấp nhận sửa dổi nhưng xuất ưình bộ chứng từ phù hợp với ƯC và sữa dổi L/C.","Người hường lợi thông báo chấp nhận một phần sửa dồi","Đáp án (1) và (2) dều dúng","4"
"205","Ngân hàng phát hành gửi một diện thông báo sơ bộ L/C. Câu nào sau dây là (lúng?","Ngân hàng phát hành có thề hủy bô điện này bất cứ lúc nào","Ngân hàng phát hành phải gửi một L/C cỏ hiệu lực thực hiện không chậm ưễ ngay sau dỏ với diều kiện L/C không mâu thuẫn với thông báo sơ bộ.","Bức diện nảy có thể bõ qua do nó không phải là L/C có hiệu lực thực hiện","","2"
"206","UCP 600 do ai ban hành?","Phòng Thương mại quốc tế (ICO","Ngân hàng thế giới (World Bank)","Quỹ Tiền tộ quốc tế (IMF)","Liên hợp quốc (UN)","1"
"207","Một hổi phiếu quy dịnh ngày đến hạn như sau: “10 days from bill of lading date”; Bill of lading date: 1/5/2022, Ngày đến hạn hối phiếu là ngày nào?","Ngàu 9/5/2022","Ngày 10/5/2022","Ngày 11/5/2022","","3"
"208","Trưởng hợp nảo sau dây cho phép ảp dụng dung sai +/-5% về số lượng hàng hóa?","L/C quy dịnh số lượng hàng hóa bằng dơn vị bao gói (packing units) hoặc mặt hàng riêng lè (items).","L/C quy định sổ lượng hàng hốa theo dơn vị: MT; KG..;","L/C quy dịnh số lượng hảng hóa không dược tảng giảm","Sẻ lượng hàng hóa tăng thêm 5% nhưng số tiền yêu cầu thanh toán vượt quá sẩ tiền cùa L/C gốc.","2"
"209","Khi ƯC yêu cầu xuất trinh một vận dơn dường biển (B/L), chứng từ xuất trình B/L có nội dung “phụ thuộc vào hợp dồng thuê tâu (Charter party)'1, ngân hàng sẽ:","Chap nhận và kiểm ưa theo điều 22 UCP về Charter Party Bill of Lading","Chấp nhận và kiểm ưa theo điều 20 UCP vể Bill of Lading","Coi dó là sai biệt chửng từ","","3"
"210","L/C quy định cẩm chuyển tài (transhipment is not allowed), chứng lừ xuất trình B/L có nội đung: transhipment may take place, Ngân hàng sẽ:","Coi dó là sai biệt chửng tử","Không pliãí sai biệt chúng tử","Chấp nhận nếu ưên B/L thổ hiện hảng hóa dược giao bàng container, xe mooc (ưailcr) hoặc xà lan (lash)","","3"
"211","Những trưởng hợp nào sau dây dù dược dần chiếu đến trong L/C nhưng ngân hàng không có nghĩa vụ kiểm ưa?","Hợp dồng thuê tàu ưong trưởng hợp L/C yêu cầu như một chứng từ xuất trình theo ƯC","Hợp dồng mua bán dược dẫn chiếu dẻn ưong L/C","Các diều kiện, diều khoán chuyên chở quy dịnh tại B/L được xuất trinh theo L/C","Tất cả đáp án ưên dều đúng","4"
"212","Trường hợp ngày phát hành của Giấy chứng nhận bào hiểm muộn hơn ngày giao hàng, Ngân hàng sẽ:","Chẳp nhận và coi ngày hiệu lực cùa bào hiểm dược tính từ ngày phàt hành Giấy chứng nhận","Coi là sai biệt chứng từ","Chấp nhận nếu có ghi chủ ràng bào hiểm cỏ hiệu lực từ ngày khổng muộn hơn ngây giao hàng.","Chấp nhận và coi ngày hiệu lực cùa bào hiểm tinh từ ngày giao hàng","3"
"213","Giấy chứng nhận xuất xử (C/O) được xuất trình theo L/C thể hiện người xuất khẩu không phải lả người thụ hướng L/C, Ngân hàng sẽ:","Từ chối, coi dỏ lả sai biệt chứng từ.","Chẩp nhận nếu trên c/o thể hiện tên người thụ hường.","Không coi đó là sai biệt chứng từ.","","3"
"214","Giấy chửng nhận xuất xứ (C/O) được xuất trình theo L/C thồ hiện người xuất khẩu không phải lả người thụ hưởng ƯC, tuy nhiên thề hiện thông tin về sổ và ngày hóa đơn khác so với dữ liệu cùa Commercial Invoice xuất trinh cùng bộ chứng từ dó, Ngân hàng sẽ:","Từ chối, coi dó là sai biệt chúng từ.","Không coi dó là sai biệt chứng từ.","Chỉ chấp nhận nếu cỏ thay thế chúng từ khớp dúng với dữ liệu trên Commercial Invoice","","2"
"215","L/C yêu cầu “Air waybill: Full set of original"", chứng từ xuất trinh thể hiện “original for consignor”, Ngân hàng sẽ:","Từ chổi, coi đó là sai biệt chửng từ.","Không coi dó là sai biệt chứng từ.","Không có đáp án nào chính xác","","2"
"216","Bộ chứng từ được xuất trinh tới ngân hàng được chi djnh vào sáng thứ Ba, ngây 29 thảng 5. Ngày nào là ngảy muộn nhất để ngân hàng quyết đinh bộ chứng từ xuất trinh có phù họp hay không?","Thứ Năm, ngày 31 tháng 5","Thứ Sáu, ngày 1 tháng 6","Thử Hai, ngày 4 tháng 6","Thứ Ba, ngày 5 tháng 6","4"
"217","Chọn phương án sai: Thư tín dụng chuyển nhượng phải phản ánh chinh xác các điều kiện vả diều khoàn cùa tin dụng, bao gồm cá xác nhận (nếu có), ngoại trù:","Các chứng từ dược yêu cầu xuất trinh","Bất kỳ dơn giá nào trong thư tin dụng","Ngày hết hạn hiệu lực","Ngày giao hàng muộn nhẩt","1"
"218","Ngân hàng có nghĩa vụ tìểp nhận một xuất ưình ngoài giờ lãm việc của mình không?","Có","Không","","","2"
"219","Một biên lai chuyển phát (courier receipt), cho dù có tên gọi như thể nào, là bằng chứng cho việc nhận hàng dể chờ, phải thể hiện yếu tố nào?","Tên công ty dịch vụ chuyển phát và dã dược dóng dấu hoặc dã ký bởi một công ty djch vụ chuyền phát dich danh tại nơi hàng hóa dược giao như quy định trong Thư tín dụng","Ngày lấy hàng hoặc nhận hàng hoặc các từ tương tự và ngày nảy dược coi là ngày giao hàng.","Tất cả các đảp án trên đều dũng","","3"
"220","Chửng tử nào dưới dây không phải chứng từ sờ hữu hàng hóa?","Charter party bill of lading","Multimodal transport document","Railroad transport document","Short form bill of lading","3"
"221","Hóa dơn thương mại phâi dâm bảo diếu kiện nào sau dây?","Phải the hiện là do người thụ hưởng phát hành (trừ trường hợp quy dịnh tại Điều 38)","Phài dứng tên người yêu cầu (trừ khi áp dụng Điều 38g)","Phải ghi bằng loại tiền cùa Thư tín dụng và không cần phài ký","Tất cả đáp án ưên","4"
"222","Neu uc yêu cầu xuất trình một chứng từ mà không quy định người phát hành hoặc nội dung dữ liệu thì các ngân hàng sẽ chấp nhận chứng từ như dã xuất trình nếu nội dung cùa nỏ dáp ứng được chức năng của chửng từ dược yêu cầu, ngoại trừ chửng từ nào sau dây?","Chứng từ bảo hiềm, chủng tử vận tài, hóa đơn thương mại","Phiếu đỏng gỏi","Giẳy chứng nhận xuất xứ","Giấy chửng nhận sổ lượng/ chất lượng hàng hóa","1"
"223","Một chứng tử vận tải hàng không, dù cho gọi tên như thể nào phải đàm bào điểu kiện nào sau đây?","Chỉ rõ tên cùa ngưởi chuyên chờ","Chỉ rõ hãng hóa dược nhận dể chờ","Chi rõ ngày phát hành","Chỉ rõ tên của người chuyên chở; Chi rõ hàng hóa dược nhận đê chở; Chỉ rõ ngảy phát hành","4"
"224","Một chứng từ vận tải dường bộ phải thẻ hiện là bàn gốc dành cho đổi tượng nào?","Người gửi hàng","Người giao hảng","Không chĩ rõ là chứng từ này dành cho ai","Tẩt cà câc đáp án trên dều dứng","4"
"225","Chửng từ bảo hiểm thể hiện nội dung nào sau dây là có thể dược chấp nhận?","Nếu ghi rõ là dã dược phát hănh nhiều hơn một băn gốc thì Tất cả bản gốc phải dược xuất trình","Phiếu bâo hiểm tạm thời sẽ không dược chấp nhận","Phải ghi rõ số tiền bào hiểm và cùng loại tiền cùa L/C","Tất cả đáp án trên đều đủng","4"
"226","Chửng từ vận tài thể hiện nội dung nào sau dây có thể dược chap nhận?","Cỏ điêu khoản tuyên bố rằng hàng hóa cô thề dược xếp trên boong tàu","Cỏ điều khoàn ghi chú """"shipper's load and count"" và ""said by shipper to contain""","Cỏ ghi chủ bàng cách dỏng dẩu hoặc hình thức khác dối với chi phí bố sung so với cước phí","Có diều khoán tuyên bố rằng hàng hóa có thể được xép trên boong tàu hoặc Có diều khoản ghi chú ""shipper's load and count"" vả ""said by shipper to contain"" hoặc cỏ ghi chủ bàng cách dóng dầu hoặc hình thức khác dối với chi phí bổ sung so với cước phi","4"
"227","Một chứng tử xuất trình nhưng tín dụng không yêu cầu thi ngân hàng có cần phái kiểm tra hay không?","Có","Không","","","2"
"228","Phiên bân UCP nào sau dây còn hiệu lực đen thời điếm hiện tại?","UCP 500","UCP 600","Cà hai phiên bân","","3"
"229","Một L/C quy dịnh như sau: Date and Place of Expiry: 240330 IN JAPAN Lastest date of shipment: 240315 Period for Presentation in Days: I4/DAYS AFTER SHIPPING DATE Vậy nếu giao hảng ngày 15/03/2024 thì ngày muộn nhất để xuất trinh chứng từ là ngày nào?","28/03/2024","29/03/2024","30/03/2024","31/03/2024","2"
"230","Theo UCP 600, mỗi ngân hâng cỏ tổi đa bao nhiêu ngày tiếp theo ngảy xuất trình đề quyết định xcm xuất trinh cỏ phù hợp hay không?","5 ngây làm việc","7 ngày làm việc","3 ngày làm việc","","1"
"231","Ngân hàng phát hành bị ràng buộc không hủy ngang thực hiện thanh toốn kể từ thời điểm thư tín dụng được phát hành?","Đủng","Sai","","","1"
"232","Theo UCP600, honour (thanh toán) nghĩa lả:","Trả tiền ngay nếu tín dụng chứng tử cỏ giá trị thanh toán ngay","Cam két trà chậm và ưã tiền khỉ dển hạn nếu tín dụng chứng từ có giá tri thanh toán trà chậm","Chấp nhận hổi phiếu do người thụ hướng ký phát và ưá tiền hổi phiếu khi đến hạn nếu tín dụng chứng từ có giá trị thanh toán bằng chẩp nhận","Tất cả đáp án trên đều dứng","4"
"233","Các từ “khoảng (about)” hoặc “ước chừng (approximately)” được sử dụng có liên quan dến sổ tiền cùa tin dụng hoặc sổ lượng hoặc dơn giá ghi ttong tín dụng dược hiểu là cho phép một dung sai hơn hoặc kém bao nhiêu phần trăm cùa số tiền hoặc số lượng hoặc đơn giá được để cập?","2%","5%","10%","","3"
"234","Khi L/C KHÔNG quy định ngôn ngữ của chủng từ xuẩt trinh, chúng tử phải phát hành như thế nào?","Chửng từ xuất trinh phái phát hành bằng tiếng Anh.","Chứng từ xuất trinh phải phát hành bằng tiếng Việt.","Chứng từ xuất trình phải phát hành bàng ngôn ngữ cùa L/C,","Chúng tử xuất trinh cỏ thể phát hành bời bất kỳ ngôn ngữ nào.","4"
"235","L/C yêu cầu xuất trinh ""invoice in 03 copies"". Yêu cầu nào sau đây là bắt buộc đề bộ chửng từ xuất trinh lả phù họp?","Tất cả cẳc ""invoice"" phải dược kỷ.","Tất câ cảc ""invoice"" phái là bản gốc.","ít nhất một ưong ba bản ""invoice"" phải được ký.","ít nhất một ưong ba bàn ""invoice"" phái là bàn gốc","4"
"236","Theo ISBP745, hóa dơn phải thế hiện nội dung nào sau dây?","Giá trị hàng hóa đã dược giao hoặc chuyên chở, hoặc các dịch vụ đã được thực hiện.","Đơn giá (nếu L/C có quy dịnh), Bất kỷ chiết khẩu hay khấu trừ nảo do L/C yêu cầu.","Cùng loại tiền tệ quy đinh ưong ƯC.","Tất cả đảp án ưên","4"
"237","Yêu cầu nào sau đây dúng dổi với chửng từ vận tải đa phương thức?","Phải chi rõ sổ bản gốc dã được phát hành.","Không bát buộc phải nêu số bàn gốc dã được phát hành","","","1"
"238","Đối với B/L dược phât hành bời thuyền trưởng, tên của thuyền trường cỏ bắt buộc phải chỉ rõ trên B/L không?","Bắt buộc","Không bẳt buộc","","","2"
"239","L/C quy định hổi phicu đòi tiền ""at 60 days sight"", bộ chứng từ không phù hợp, ngày đảo hạn được xác dịnh như thế nào?","Ngân hàng ưâ tiền không thông báo từ chổi till ngây dáo hạn sẽ là 60 ngày sau ngày xuẩt trình tới ngân hàng đó.","Neu ngân hàng trả tiền là ngân hàng phát hành vả nó đã thông báo từ chối, thời hạn dáo hạn muộn nhất là 60 ngày kể từ ngày ngân hàng phát hành chắp nhận bỏ qua các sai biệt của Người yêu cầu.","Nếu ngân hàng ưá tiền không phãi là ngân hàng phát hành và nó đã tliông báo từ chối thì thời hạn dáo hạn muộn nhất là 60 ngày kể từ ngày ngân hàng phát hành thông báo chấp nhặn. Nêu ngân hàng ưâ tiền dố không dồng ý với thông báo chấp nhận của ngân hàng phảt hành thì cam kết thanh toủn hối phiếu dáo hạn là thuộc trách nhiệm của ngân hàng phát hành.","Tất cả đáp án trên","4"
"240","L/C không quy dịnh trị giả phải mua bảo hiểm, trưởng hợp xuất trinh chứng từ báo hiểm nào sau dây thì dược chấp nhận?","Chứng từ báo hiểm thẻ hiện số tiền bào hiểm cùng loại với tiền tộ cùa L/C với ưị giá 110% trị giá CIF hoặc C1P cùa lô hàng.","Chửng từ bão hiềm thề hiện số tiền bào hiểm cùng loại với tiền tộ cùa L/C với ưị giá 120% ưị giá CIF hoặc CIP của lô hàng.","Chứng từ bào hiểm thể hiện sổ tiền bào hiểm cùng loại với tiền tệ của L/C với tri giá 150% trị giá CIF hoặc CLP cùa lô hảng.","Tất cá đáp án ưên dều dứng","4"
"241","B/L dược phát hành ""to order"" hoặc ""to order of the shipper"", việc ký hậu B/L dược thực hiện như thé nào?","B/L phải dược kỷ hậu bời shipper hoặc thay mặt cho shipper.","B/L không cần ký hậu.","B/L phàỉ dược ngân hàng chiết khẩu ký hậu.","","1"
"242","A GSP Form A is an official type of which document?","Certificate of origin.","Commercial invoice.","Health certificate.","Inspection certificate.","1"
"243","Một vận đon đuởng biển (B/L) “shipped on board” được phát hành ngày 01/4/2023; dồng thời cỏ ghi chú “shipped on board” ngây 03/4/2023, ngây giao hảng thực tế là ngày nào?","Ngày phát hành B/L 01/4/2023","Ngày ghi chú hàng dã bốc lên tàu tren B/L 03/4/2023","B/L có lỗi do thề hiện 2 ngày “shipped on board” kliảc nhau","","2"
"244","Klĩi tin dụng chứng từ (L/C) yêu cầu xuất trình hóa don thì hóa dơn không dược thể hiện lả hỏa dơn nào sau dây?","Hóa dơn thương mại (Commercial Invoice)","Hỏa dơn chiếu lệ (Pro-forma Invoice)","Hóa dơn hài quan (Customs Invoice)","Hóa dơn thuế (Tax Invoice)","2"
"245","Một hối phiếu phải đáp ửng yêu cầu nào sau đây?","Ghi rõ ngây phát hành","Người thụ hưởng ký và phát hành","Thề hiện bằng loại tiền theo quy dịnh cùa tín dụng chứng lừ","Tất cả đáp án ưên","4"
"246","Khi tín dụng chứng từ (L/C) quy dịnh xuất trình hối phiếu mả không có mô tã gì thêm, việc sửa chữa vả thay thế dữ liệu trÊn hối phiếu phải đáp ứng yêu cầu nào?","Phâi được sự dồng ý cũa Ngân hàng phát hành","Không cần xác thực","Xác thực bàng cách ký hoặc kỷ tắt bởi người thụ hường","Không dược phép sửa chữa vả thay thế dữ liệu ưên hối phiếu","3"
"247","Khi tin dụng chửng từ (L/C) yêu cầu xuất trình một giấy chửng nhặn xuất xử (C/O) thi c/o phải đáp ứng yêu cầu nào?","c/o dã được kỷ","Liên quan dền hảng hóa thể hiện trên hóa dơn","Xác nhận nguồn gẩc/xuất xừ cũa hàng hóa","Tổt cà đáp án ưên","4"
"248","Mô tả hàng hóa, dịch vụ ttong chứng tử nào sau đây phải phù hợp với mô tả trong tín dụng chứng từ (L/C)?","Hóa dơn thương mại","Hối phiếu","Chứng từ vận tái","Giấy chứng nhận xuất xứ","1"
"249","Một hóa đơn phải đáp ứng yêu cầu nào sau đây?","Giả trị hồng hóa dã được giao hoặc chuyên chở","Đơn giả nếu quy djnh ưong tín dụng chứng từ (L/C); hoặc bât cứ khoản chiết khấu/giàm trừ theo yêu cầu cùa L/C","Cùng loại tiền tệ quy định trong L/C","Tất cả đáp án ưên","4"
"250","Một hóa đơn KHỎNG cần phải đáp ứng yêu cầu nào?","Kỷ bời người phát hành","Ghi ngày tháng năm","Cà đáp án (1) và (2)","","3"
"251","Khỉ tín dụng chủng lừ (L/C) quy định điều kiện thương mại ""CIF Singapore"", hỏa dơn cỏ thể ghi như thế nào?","CIF Singapore Incoterms 2010","CIF Singapore Incoterms 2020","CIF Singapore cùng bẩt cứ sửa dồi Incoterms nào","Tất cã đáp án trên đều đúng","4"
"252","Khi tín dụng chứng từ (L/C) quy định điều kiện thương mại ""CIF Singapore Incoterms 2010"", hóa đơn không dược phép thể hiện diều kiện giao hảng nào?","CIF Singapore","CIF Singapore Incoterms","CIF Singapore Incoterms 2010","Đáp án (1) và (2)","4"
"253","Chửng từ được phát hành nhiều hơn một bàn gổc dược dánh dấu như thể nào?","Original","Duplicate","Triplicate","Tất cá dâp án ưên đều đúng","4"
"254","Tín dụng chứng từ (L/C) yêu cầu xuất ưình nào sau dây thỉ sẽ dược hiều là yêu cầu một bàn gốc hóa đơn?","Hóa dơn (Invoice)","Hỏa dơn một bàn (Invoice in 1 copy)","Bàn sao hóa dơn (copy of invoice)","Đáp án (1) và (2)","4"
"255","Chữ ký của người hoặc tổ chức dich danh được thề hiện bàng cách nào sau đây?","Chữ ký ưên giấy có tiêu đề (letterhead) cùa một người hoặc tổ chức dich danh","Tên của người hoặc tổ chức đích danh nhác lại bên cạnh chữ ký","Đáp án (1), (2) đều đúng","Đáp án (1), (2) đều sai","3"
"256","Khi tin dụng chứng từ (L/C) thể hiện khu vục dịa lý liên quan đến câng dỡ hàng (vi dụ ""Any European Port""), vận dơn dường biển phải thể hiện nội dung nâo?","Cảng dỡ hàng thực tể và phải chi ra khu vực địa lý đỏ","Càng d& hàng thục tể nằm ưong khu vực đia lỷ liên quan dến câng dỡ hàng","Khu vực địa lý","","2"
"257","Nhận định nào sau dây là sai về vận dơn dường biển gốc (B/L)?","B/L không phải thể hiện toàn bộ sổ bán gốc nếu phát hành nhiều hơn một bàn gốc","B/L chì rõ hàng hỏa được giao từ câng xếp hàng đích danh theo yêu cầu cùa tin dụng chứng tử (L/C)","B/L chỉ rõ hàng hóa dược giao tới càng dỡ hàng dích danh theo yêu cầu của tín dụng chửng từ (L/C)","B/L phải dược ký theo quy dịnh cùa UCP 600 và chĩ tõ tên cúa người chuyên chở, dược nhận dạng như lả người chuyên chờ","1"
"258","Vận dơn hoàn hão (Clean B/L) là gi?","Từ ""Clean"" thể hiện trên B/L và không có diều khoán hoặc các diều khoàn tuyên bố một cách rõ ràng về tình trạng khuyết tật của hàng hóa hoặc của bao bì","Không có từ ""Clean"" thể hiện trên B/L vâ không có điều khoăn hoặc các diều khoán tuyên bố một cách rõ ràng về tỉnh ưạng khuyết tật cùa hàng hỏa hoặc của bao bỉ","Từ ""Clean"" thề hiện ưên B/L và ghi chủ ""Bao bì không dù khà năng cho vận chuyền dường biền""","Đáp án (1), (2) dều dứng","4"
"259","Ngân hàng đóng vai ưò trung gian ưong quá trinh thanh toản theo phương thức nhở thu, dúng hay sai?","Đúng","Sai","","","1"
"260","URC 522 quy dính những chứng từ nảo là chứng từ thương mại?","Invoice, Certificate of Origin, Certificate of Insurance, Bill of Exchange","Bill of Exchange, Packing List, Certificate of Origin, Invoice","Bill of Lading, Invoice, Certificate of Origin, Certificate of Quality","","3"
"261","Đối với phương thức từ nhờ thu bộ chứng tử, ngân hàng đỏng vai ừò gi?","quản lý chất lưọng hàng hóa dược mua/bán.","giảm thiều rũi ro tin dụng cùa người mua.","đỏng vai trò trung gian ưong quá trình thanh toán.","xác định bộ chứng từ xuất trình phù hợp với hợp dồng ngoại thương.","3"
"262","Theo URC 522, ""Nhờ thu"" là việc ngân hàng xử lý bộ chửng tử theo chỉ đẫn nhận được ưên cơ sở nào?","Nhận dược thanh toán hoặc chấp nhận thanh toán.","Trã chửng từ trên cơ sử chấp nhận thanh toán hoặc thanh toán.","Trả chứng từ trẽn cơ sờ tuân thủ các diều khoản vả điều kiện khác.","Tất cả đáp án trên dều đúng","4"
"263","Theo URC 522, ""nhờ Hiu chứng từ"" là phương thức nhờ thu các chứng từ gồm?","Chứng từ tải chính và chủng từ thương mại.","Chứng từ thương mại mà không kèm chứng từ tài chính.","Chứng từ tài chinh mă không kèm chứng từ thương mại.","Đáp án (1) và (2)","4"
"264","Nếu một ngân hàng, vỉ một lỷ do nào dó không thực hiện nhờ thu hoặc bất cứ các chỉ thị liên quan nào mà ngân hăng này nhận dược thi ngân hàng này cần:","Thông báo ngay cho bên ra chi thị nh& tltu bằng dường viễn thông hoặc bằng các phương tiện khẩn cấp khác.","Chi dược thông báo cho bôn ra chi thị nhờ thu qua điện SWIFT xác thực","Chi dược thông bảo cho bên ra chì thị nhờ thu qua email","Đáp ân (2) vả (3)","1"
"265","Tham chiếu URC 522, ngân hàng thu hộ (Collecting Bank) nhận được chi thị nhở thu (diều kiện D/P) từ ngân hàng nhở thu (Remitting Bank), nhờ thu hộ cho bên xuất khẩu Việt Nam. Trong quá trình thực hiện chi thị nhờ thu, ngân hăng thu hộ nhận dược chi thí bổ sung trực tiếp từ người xuất khẩu Việt Nam, trong dó yêu cẩu ngân hàng thu hộ thực hiện thu hộ theo diều kiện D/A. Vậy, ngân hảng thu hộ sẽ tiến hảnh thu hộ theo diều kiện D/P hay D/A ?","D/P","D/A","D.O.T","","1"
"266","Nấu các chứng lừ không dược liệt kê trong bản chì thị nhờ thu thỉ ngân hàng nhờ thu (Remitting Bank) sẽ không liên can dến tranh chấp về loại và số lượng các chửng từ giao cho ngân hàng thu hộ (Collccing Bank) lả đúng hay sai?","Đúng","Sai","","","1"
"267","URC 522 cỏ tẩt cà bao nhiêu diều khoản?","20","25","26","22","3"
"268","Theo URC 522, ngân hàng xuẩt trinh (Presenting Bank) cỗ trách nhiệm đổi với tính xác thực cùa bẩt cứ chữ ký nào hoặc với sự ủy quyền của bất cứ bên ký nào đề ký nhận trên hối phiếu hay không?","Có","Không","","","2"
"269","Theo quy định tại Thông tư 08/2023/TT-NHNN ngày 30/6/2023 và Thông tư sửa dổi, bồ sung một số điều của Thông tư số 08/2023/TT-NHNN, bên đi vay không phải là TCTD chi dược vay nước ngoài trung, dài hạn dề làm gì?","Cơ cấu lại khoán nợ ưong nước cùa bên đi vay","Thực hiện dự án đầu tư của bên di vay và kế hoạch sân xuất, kinh doanh, dự án khác của bên di vay","Thanh toán các khoán nợ ngắn hạn phải trả bằng tiền","Đáp án (1) vả (3) dều dũng","2"
"270","Ân bân mới nhất Các điểu khoản thương mại quốc tế (INCOTERMS) hiện nay là?","Incoterms 2000","Incoterms 2010","Incoterms 2020","Incoterms 2023","3"
"271","Ân bản mới nhất Các Quy tắc thống nhất về Nhờ thu (The Uniform Rules for Collections) hiện hành là ấn bản nào sau đây?","URC 1956","URC 1967","URC78","URC522","4"
"272","Khi hồ sơ dầy đủ, hợp lệ, Chi nhánh thực hiện ký, dóng dấu lên 2 bàn gổc Thư bào lãnh nhận hàng, Chi nhánh lưu 1 băn, khách hàng giữ 1 bản. Đúng hay sai?","Đúng","Sai","","","2"
"273","Theo quy định tại quy ưỉnh thanh toán quốc tế, điện phát hành L/C cỏ chi định Ngân hàng hoàn trà cần dẫn chiếu quy tấc nào?","UCP và URR","UCP","URC","ISBP","1"
"274","Trường hợp L/C chuyền tử hình thức L/C ủy quyền xác nhận (May add) thành L/C xác nhận (Confirm), Chi nhánh cần gửi thông báo theo mẫu cho đom vị nào đề theo dõi việc sử dụng hạn mức tài ượ thương mại do Ngân hàng xác nhận cấp cho Agribank?","Trung tâm Tài ượ thương mại","Ban Định chế tài chính","Trung tâm Thanh toán","Trung tâm KDV&TT","2"
"275","Điền tù cỏn thiếu lần lượt vảo chỗ ưống: Ngân hàng ... là ngân hàng tiến hành thông báo tín dụng theo yêu cầu cùa Ngân hàng ...","Thông báo/Phât hành","Phát hành/Thông báo","Thông báo/chi dịnh","Chi dịnh/Phát hành","1"
"276","Điền tử cốn diiếu vào chỗ trống: Ngân hàng... là ngân hàng, theo yêu cầu hoặc theo sự úy quyền cùa ngân hàng phát hành, thực hiện xác nhận cùa mình đối với một tin dụng.","Thông bảo","Chi dịnh","Xác nhận","Chiết khấu","3"
"277","Nếu ưong một thư tín dụng, không quy định IRREVOCABLE (không thể hủy ngang) ớ trường 40A thỉ thư tin dụng dó cố dược phốp hủy ngang hay không?","Được phép","Không dược phép","","","2"
"278","Theo UCP 600, nếu một chứng từ được ký, thi chữ ký cỏ thể được ký băng hỉnh thức nâo?","Phài dược ký bằng tay","Có thề dược ký bằng tay, bẳng FAX, bàng chữ ký dục lỗ nhưng không được ký bằng con dẩu.","Cỏ thể được ký bầng tay, bằng FAX, bàng chữ ký dục lỗ, con dấu, bằng ký hiệu hoặc bất cứ phương pháp cơ học hoặc điện tử nào.","","3"
"279","Theo UCP600, cụm từ ""on or about"" được hiểu như thế nào?","Được hiểu là sự việc xảy ra ưong một khoáng thời gian từ tnrửc 5 ngày theo lịch cho dến sau 5 ngày theo lịch tính từ ngày quy dịnli, kể cá ngày dầu tiên vả ngày cuối cùng.","Được hiểu là sự việc xây ra trong một khoảng thời gian từ trước 5 ngày theo lịch cho dến sau 5 ngày theo lịch tính từ ngày quy dinh, không tỉnh ngày dầu tiên vả ngày cuối cùng.","","","1"
"280","Theo UCP600, các từ ""to"", ""until"", ""till"", “from” and “between” nếu dược dùng để quy định thời hạn giao hàng thỉ có bao gồm cả ngày hoặc những ngày dỏ không?","Có","Không","","","1"
"281","Chứng tù nào dưới dây phải ký?","Packing list","Certificate of origin","Commercial invoice","Weight specification","2"
"282","Những thông tin như tên, dịa chí và thông tin liên hệ của người yêu cầu mở uc trên hóa dơn cỏ bắt buộc phái dược xác dịnli bàng tiêu dề ""Applicant"" hay không?","Có","Không","","","2"
"283","L/C quy dịnh điều kiện ""các chứng từ của bên thử ba không dược chấp nhận"" (third party documents not acceptable) có nghĩa lả Ễì?","Không có nghĩa và không dược xem xét đến","Các chứng từ cỏ thề dược phát hành bời một thực thề dich danh không phải người thụ hưởng","Các chứng từ có thể dược phát hành bời một thực thể không phải người thụ hưởng","Bộ chứng từ được coi là không phù hợp nếu xuất trình chứng từ của bên thứ ba","1"
"284","L/C không nên yêu cầu một chứng từ bào hiểm như thế não?","Chứng từ bão hiềm phát hành ""cho người cầm chứng từ"" -""to bearer""","Chửng từ bão hiểm phát hành ""theo lệnh"" - ""to order""","Cà đáp án ỉ vã 2","Chứng từ bào hiểm ghi tên của bên dược bào hiểm","3"
"285","Các thuật ngữ nào sau dây có nghĩa chung là ""dã bốc hảng lên tàu (shipped on board)""?","Đa bốc hàng nhìn bề ngoài trong diều kiện tốt - shipped in apparent good order","Đã bốc xong hàng lên tàu- Laden on board","Hàng bốc lên tàu hoàn hào -Clean on board","Tất cả đáp án trên đều đúng","4"
"286","Chứng lừ xuất trinh thể hiện như sau có phù hợp không: Ngày giao hảng 22/4/2024. Ngày phát hành cùa Giấy chứng nhặn hun trùng (Fumigation Cert.) lả 23/4/2024?","Có","Không","","","1"
"287","Đoi với nghiệp vụ nhờ thu, sau bao nhiêu ngày kể từ khi gửi thông bâo về việc không thanh toán và/ hoậc không chấp nhận thanh toán mà ngân hàng xuất trinh (Presenting Bank) vẫn không nhận dược những chi thị về cách xử lý cảc chứng từ thỉ các chứng từ sẽ được chuyển trà lại ngân hàng dã gửi dến và không chịu trách nhiệm gì thêm?","30","45","60","50","3"
"288","Trong URC 522, thanh toán lừng phần cỏ thể dược áp dụng cho cảc phương thức Nhờ thu nào?","Nhờ thu phiếu ươn","Nhở thu kèm chửng từ","(A) hoặc (B) đủng","","3"
"289","Ngân hàng Nhờ thu cỏ nghĩa vụ phải kiểm tra các chửng tử để thực hiện các chì thị, đúng hay sai?","Đúng","Sai","","","2"
"290","Theo URC 522, Ngân hảng thụ hộ (Collecting Bank) cỏ thể từ chối sự ùy thảc nhờ thu cùa ngân hăng khác mà không cần thông báo lại cho họ về sự tử chổi đó hay không?","Có","Không","","","2"
"291","Anh/ chị hãy cho biểt ưong trường hợp Ngân hàng thu hộ nhận dược các chứng từ không được liệt kê trong chỉ thị Nhờ thu thì Ngân hàng thu hộ cần phâi làm gi?","Ngân hàng thu hộ có ưách nhiệm hoàn trà chứng từ không có trong chỉ thị nhở thu cho Ngân hăng nhờ thu","Ngân hảng thu hộ không có nghĩa vụ chuyền trà và thông báo đến bên dã gửi chi thị nhờ thu đối với những chứng từ không cỏ ưong chi thị nhừ thu","Ngân hàng thu hộ phải thông báo không chậm ưễ bẳng diộn hoặc bằng các phương tiện hỏa tốc cho bên dã gửi chỉ thị nhờ thu","","3"
"292","Trong trưởng hợp nhận dược bàn sao Thư tin dụng từ Ngân hàng phát hành, Ngân hàng hoàn trả phái hành dộng như thế nào?","Kiểm ưa các điều kiện vả diều khoản của bản sao Thư tin dụng nhận dược.","Gừi ưả lại Ngân hàng phát hành bàn sao Thư tín dụng nhận dược.","Không xem xét dến bản sao Thư tin dụng nhận dược.","","3"
"293","Neu Ngân hàng hoàn trả dược yêu cầu chấp nhặn và thanh toán hối phiếu kỳ hạn, ủy quyền hoàn trà có bắt buộc phái thể hiện người ký hối phiếu không?","Không","Cỏ","","","2"
"294","Theo ISP98, người phát hành một thư tín dụng dự phòng cỏ nghĩa vụ gi?","Xác định vỉ phạm cùa bất kỳ giao địch nào liên quan","Đám bào tính chính xác cùa bất kỷ chứng tử nào dược xuất trình","Đàm bào sự đúng dắn cùa bẩt kỳ chứng từ nào dược xuất ưinh","Chấp nhận thanh toán cho bộ chủng từ xuất ưỉnh phù hợp trên bề mặt","4"
"295","Khi có yêu cầu của bên bảo lãnh dối ứng, một cam kết báo lãnh dược phát hành theo URDG thì bào lãnh dổi ủng SẼ phái dáp ứng yêu cầu nào sau dãy?","Nhất dịnh phải tuân thũ theo URDG","Không phái tuân thủ theo URDG","Cũng sẽ phái tuân thù theo URDG, trừ kill bào lãnh dổi ứng loại trừ ƯRDG","","3"
"296","Theo URDG 758, một xuất trinh phù hợp theo thư bâo lãnh phài tuân thủ các nội dung nào sau đây?","Các diều kiện vả diều khoăn của bào lãnh.","Các quy tẳc phù hợp với cắc diều kiện và diều khoán cùa bào lãnh.","Thông lệ chuẩn quốc tế về bào lãnh","Tất cả đáp án trên","4"
"297","Theo ISP98, một Yêu cầu thanh toán tách biệt đòi hỏi Người hưởng lợi gửi thẳng dến Người phát hành hoặc Người chỉ dịnh phài bao gồm những nội dung năo?","Ngày phát hành Yêu cầu thanh toán","Số tiền Yêu cầu thanh toán","Chữ ký cũa Người hưởng lợi","Tất cã dảp án trên","4"
"298","Theo URDG758, ""Trừ khi dược quy định khác ưong bảo lãnh, luật áp dụng của bão lãnh SŨ là luật cùa nơi dặt chi nhánh hoặc văn phòng của Đên báo lãnh dã phát hành bão lãnh đó"", dủng hay sai?","Đúng","Sai","","","1"
"299","Theo ISP98, khoảng thời gian nào là hợp lý sau khi xuất ưỉnh chúng tử đề thông bảo từ chối thanh toán?","Thông báo dưa ra trong võng 3 ngày làm việc dược coi lả hợp lý vả vượt quá 7 ngày làm việc dược coi lả không hợp lý","8 ngày","10 ngày","15 ngày","1"
"300","Theo URDG 758, nhận dịnh nào sau dây là chính xác về tỉnh độc lập của Bào lãnh và Bảo lănh dối ứng?","Một Bào lãnh về bàn chất nỏ dộc lập với Mối quan hệ cơ sở và Yêu cầu phát hành; Bên bào lãnh không liên quan hoặc không bị ràng buộc bời mối quan hộ dỗ","Một Bâo lãnh dối úng về bán chất nỏ dộc lập với Bào lãnh, với Mối quan hệ cơ sờ, vửi Yêu cầu phát hành và với bắt kỷ Bâữ lãnh dổi ứng nào khác mà nỗ liên quan, và Bên bảo lãnh dối ứng không liên quan hoặc không bi ràng buộc bới Mối quan hệ dỏ","Đáp án (1) và (2) dều sai","Đáp án (1) và (2) đều đúng","4"
